No,領域,タイプ名,猫ネーム,キャッチ,家猫化ポイント,X,Y,チュール,キャットタワー,改善策,副作用,出典,URL,根拠区分,根拠要約,座標根拠,根拠レベル,出典2,URL2
1,経済・労働,パラサイト・シングル(親密圏依存),実家ぬくぬく猫,親元で快適、自立を先送り,飼い主=親/家庭。生活費と自己決定という自立の負荷を手放す,8,7,「自分の城を持つ快感」を見せる(家事・家計の一部移譲で小さな自立成功体験),安心できる実家的環境を残しつつ半歩外に出られる中間的住まい(シェアハウス等),生活費の一部実負担や家事分担から始め、自立を「喪失」でなく「自由の獲得」と再定義する。シェアハウスや二世帯の段階的分離で、安全基地を残しながら自己決定の範囲を少しずつ広げる。家計管理・契約・行政手続きなど生活運営の当事者経験を積ませ、親も先回り支援を意図的に減らすことで、依存を自立へ緩やかに移行させる。,急な自立要求は反発・断絶や経済的困窮を招く恐れ(対策:段階設計と相談窓口・公的就労支援の併用),山田昌弘『パラサイト・シングルの時代』(1999)/J.Bowlby 愛着理論,https://ja.wikipedia.org/wiki/パラサイトシングル,既存類型,既存の出典・研究・概念を参照して設計した家猫類型。出典は現象や概念を考えるための参考資料であり、この猫タイプ自体を医学・心理学的に確定するものではない。,既存設計のX=8、Y=7を継承。Xは公的支援・共同側〜私的自己完結側、Yはまち猫〜いえネコの相対軸として置いた設計値で、統計推定値ではない。,C:既存出典（個別精査推奨）,,
2,経済・労働,ニート(NEET),次の一歩まち猫,就労・就学・訓練のいずれもしない,飼い主=家族/社会。働いて稼ぐ回路を手放す,6,8,「いきなり正社員でなくていい」短時間・体験就労という低い入口,評価や競争の圧が低く、失敗が許される小さな現場,中間的就労や短時間アルバイト、地域の役割など「低い入口」から社会接点を再構築する。就労=フルタイム正規という思い込みを外し、自己効力感を小さな成功で積み上げる。サポステ等の伴走支援、職業訓練、デジタルスキル習得を組み合わせ、本人のペースで段階的に労働市場へ橋渡しする。,焦らせると自己否定を強め長期化する恐れ(対策:本人ペース尊重と伴走型支援、家族支援の併用),英Social Exclusion Unit『Bridging the Gap』(1999)/玄田有史・曲沼美恵『ニート』(2004),https://ja.wikipedia.org/wiki/ニート,既存類型,既存の出典・研究・概念を参照して設計した家猫類型。出典は現象や概念を考えるための参考資料であり、この猫タイプ自体を医学・心理学的に確定するものではない。,既存設計のX=6、Y=8を継承。Xは公的支援・共同側〜私的自己完結側、Yはまち猫〜いえネコの相対軸として置いた設計値で、統計推定値ではない。,C:既存出典（個別精査推奨）,,
3,経済・労働/心理,ひきこもり,おうち安心猫,半年以上、自宅中心の生活,飼い主=家庭。社会関係と外界での自律を手放す,7,9,顔出し不要のオンライン接点という「安全な細い糸」,匿名性が高く、いつでも退出できる低刺激の安全空間,まずオンラインのゲームやチャット等、顔を出さずに済む弱い接点から始め、安心できる範囲を少しずつ外界へ広げる。本人を「問題」でなく回復の主体と捉え、訪問支援・居場所・ピアサポートを組み合わせる。家族の孤立も防ぎ、就労より先に「人とつながり直す」段階を丁寧に設計する。,性急な外出促しは恐怖反応・再閉じこもりを招く(対策:任意性の徹底と専門機関連携、家族支援),内閣府『こども・若者の意識と生活に関する調査』(2023公表)推計 約146万人(15〜64歳)※要再確認,https://www.cfa.go.jp/resources/research/chilren-attitudes,既存類型,既存の出典・研究・概念を参照して設計した家猫類型。出典は現象や概念を考えるための参考資料であり、この猫タイプ自体を医学・心理学的に確定するものではない。,既存設計のX=7、Y=9を継承。Xは公的支援・共同側〜私的自己完結側、Yはまち猫〜いえネコの相対軸として置いた設計値で、統計推定値ではない。,C:既存出典（個別精査推奨）,,
4,福祉・ケア,中高年ひきこもり(8050問題),おうち長期滞在猫,高齢の親が中年の子を扶養,飼い主=高齢親。経済的自立と将来設計を手放す,6,9,「親なき後」の不安を具体的支援につなぐ安心情報,親子とも責められない、伴走者がいる相談環境,親の高齢化・死後を見据え、生活保護・障害福祉・自立支援など公的制度に早期接続する。本人と高齢親の双方を支える「世帯まるごと支援」で孤立と困窮の連鎖を断つ。就労が難しくても、日中の居場所や軽作業など社会との細い接点を確保し、生活の自律度を少しでも保つ。,親が支援を拒むと介入困難・問題の潜在化(対策:地域包括・社協のアウトリーチと信頼構築),内閣府『生活状況に関する調査』(2019)推計 約61万人(40〜64歳)※要再確認,https://warp.ndl.go.jp/web/20230703141614/www8.cao.go.jp/youth/kenkyu/life/h30/pdf-index.html,既存類型,既存の出典・研究・概念を参照して設計した家猫類型。出典は現象や概念を考えるための参考資料であり、この猫タイプ自体を医学・心理学的に確定するものではない。,既存設計のX=6、Y=9を継承。Xは公的支援・共同側〜私的自己完結側、Yはまち猫〜いえネコの相対軸として置いた設計値で、統計推定値ではない。,C:既存出典（個別精査推奨）,,
5,経済・労働,FIRE早期リタイア層,自由時間満喫猫,資産運用益で早期に労働から退出,飼い主=市場。労働を通じた社会参加を手放す,9,6,「お金より暇の使い道」=社会的役割の提示,経済的自由を保ちつつ自発的に貢献できる緩い場,労働から退いても社会的役割や貢献の回路を意図的に持つ。市場収益への一極依存はリスクなので、スキル・人的ネットワーク・健康という非金融資本も維持する。プロボノ、地域活動、創作など「稼ぐためでない活動」に主体的に関わり、自由を受動的消費でなく能動的創造に向ける。,役割喪失で生きがい低下・市場暴落時の生活不安(対策:活動の多元化と資産配分の保守化),Vicki Robin & Joe Dominguez『Your Money or Your Life』(1992),https://en.wikipedia.org/wiki/FIRE_movement,既存類型,既存の出典・研究・概念を参照して設計した家猫類型。出典は現象や概念を考えるための参考資料であり、この猫タイプ自体を医学・心理学的に確定するものではない。,既存設計のX=9、Y=6を継承。Xは公的支援・共同側〜私的自己完結側、Yはまち猫〜いえネコの相対軸として置いた設計値で、統計推定値ではない。,C:既存出典（個別精査推奨）,,
6,思想・未来,ベーシックインカム待望者,安心ベース待ち猫,無条件給付による不労生活を望む,飼い主=国家。労働による自立の前提を手放す,2,7,「給付は自由の原資」という能動的な再定義,最低限の安心が保障され、挑戦の失敗が許される環境,給付を「働かない口実」でなく「挑戦・学び・自治の原資」と捉え直す。所得保障があるからこそ可能になる起業・創作・地域活動・ケアなど、市場外の価値創造に主体的に向かう設計を持つ。制度の是非を論じるだけでなく、自分が担い手として何をするかという問いを併せ持つ。,制度実現を前提にした生活設計は不確実(対策:給付に依らない自立基盤も並行確保),Philippe Van Parijs『Real Freedom for All』(1995),https://en.wikipedia.org/wiki/Basic_income,既存類型,既存の出典・研究・概念を参照して設計した家猫類型。出典は現象や概念を考えるための参考資料であり、この猫タイプ自体を医学・心理学的に確定するものではない。,既存設計のX=2、Y=7を継承。Xは公的支援・共同側〜私的自己完結側、Yはまち猫〜いえネコの相対軸として置いた設計値で、統計推定値ではない。,C:既存出典（個別精査推奨）,,
7,経済・労働,ぶら下がり社員(社内失業),ひなたで充電猫,成果を出さず雇用に安住,飼い主=企業。市場で通用する力の維持を手放す,8,8,「市場で通用する自分」を取り戻す学び直しの機会,役割と裁量が明確で、貢献が見える化される職場,リスキリングや社内公募、副業解禁などで市場価値を再構築し、雇用に守られる安心を能動的貢献へ転換する。意欲低下は配置・評価のミスマッチが原因のことも多く、役割の再設計と上司との対話が鍵。学びの場と小さな成功体験を用意し、「居るだけ」から「動く」へ橋渡しする。,追い出し圧力と受け取られると士気低下・法的トラブル(対策:支援的な再配置と納得感ある対話),リクルートワークス研究所『社内失業』の推計・分析,https://www.works-i.com/,既存類型,既存の出典・研究・概念を参照して設計した家猫類型。出典は現象や概念を考えるための参考資料であり、この猫タイプ自体を医学・心理学的に確定するものではない。,既存設計のX=8、Y=8を継承。Xは公的支援・共同側〜私的自己完結側、Yはまち猫〜いえネコの相対軸として置いた設計値で、統計推定値ではない。,C:既存出典（個別精査推奨）,,
8,デジタル,ギグワーカー(プラットフォーム依存),アプリ活用猫,アプリ指示で配車・配達して稼ぐ,飼い主=プラットフォーム。労働条件の自己決定を手放す,9,5,「複数の餌場」=収入源とつながりの分散,評価が透明で、交渉余地と仲間がいる労働環境,単一プラットフォームへの依存を避け、複数の収入源や技能を持つ。労働者協同組合やギグワーカーの団体に加わり、報酬・評価の不透明さに交渉力を持つ。アルゴリズム管理の仕組みを理解し、データや評価を自分の資産として蓄積・移転できる形を意識して働く。,分散は収入の不安定化も招く(対策:社会保険・最低保障の整備と複業ポートフォリオ設計),ILO『World Employment and Social Outlook』(2021)プラットフォーム労働,https://en.wikipedia.org/wiki/Gig_worker,既存類型,既存の出典・研究・概念を参照して設計した家猫類型。出典は現象や概念を考えるための参考資料であり、この猫タイプ自体を医学・心理学的に確定するものではない。,既存設計のX=9、Y=5を継承。Xは公的支援・共同側〜私的自己完結側、Yはまち猫〜いえネコの相対軸として置いた設計値で、統計推定値ではない。,C:既存出典（個別精査推奨）,,
9,デジタル,レコメンド任せ(フィルターバブル),おすすめ発見猫,視聴・購買をAIのおすすめに委ねる,飼い主=推薦システム。自分で選ぶ力を手放す,10,7,「自分で見つけた」発見の喜びを取り戻す体験,多様な情報に偶然出会える、回遊できる情報環境,情報源を意図的に多様化し、推薦に流されず自分で探索する習慣を持つ。アルゴリズムの仕組みと嗜好が強化される構造を理解し、あえて普段見ない分野・反対意見に触れる。一次情報や信頼できる複数メディアを定点確認し、「選ばされる」から「自ら選ぶ」へ主導権を取り戻す。,多様化は情報過多・疲労も生む(対策:信頼できる定点情報源を絞り確認時間を区切る),Eli Pariser『The Filter Bubble』(2011),https://en.wikipedia.org/wiki/Filter_bubble,既存類型,既存の出典・研究・概念を参照して設計した家猫類型。出典は現象や概念を考えるための参考資料であり、この猫タイプ自体を医学・心理学的に確定するものではない。,既存設計のX=10、Y=7を継承。Xは公的支援・共同側〜私的自己完結側、Yはまち猫〜いえネコの相対軸として置いた設計値で、統計推定値ではない。,C:既存出典（個別精査推奨）,,
10,デジタル,SNS承認依存,いいね励み猫,いいね・フォロワーで自己価値を測る,飼い主=注意経済。自己評価の主導権を手放す,10,7,「数字に左右されない自己評価軸」をくれる承認体験,反応より関係の質が重視される、安心できる小さな場,いいね・フォロワー数から距離を置き、内発的な達成基準や対面の関係に価値の重心を移す。利用時間や通知を制御し、比較で自尊心が削られる構造を自覚する。発信を「承認獲得」でなく「表現・貢献」と捉え直し、数字に依らない自己肯定の源泉(役割・趣味・関係)を複数持つ。,急な断SNSは孤立感・離脱困難(対策:段階的な利用設計と代替コミュニティの確保),Tristan Harris/Center for Humane Technology の問題提起,https://www.humanetech.com/,既存類型,既存の出典・研究・概念を参照して設計した家猫類型。出典は現象や概念を考えるための参考資料であり、この猫タイプ自体を医学・心理学的に確定するものではない。,既存設計のX=10、Y=7を継承。Xは公的支援・共同側〜私的自己完結側、Yはまち猫〜いえネコの相対軸として置いた設計値で、統計推定値ではない。,C:既存出典（個別精査推奨）,,
11,デジタル,サブスク全部入り(非所有),借りぐらし上手猫,所有せず月額で借り続ける,飼い主=サービス事業者。所有による自律を手放す,9,6,「止まっても困らない」基盤の自前確保という安心,必要なものは身軽に借り、要所は自分で握れる環境,利便を享受しつつ、生活の根幹(データ・スキル・最低限の物)は所有・オフライン代替を確保する。サービス停止や値上げ、提供終了のリスクを想定し、重要データはローカル保存・移行可能な形にする。「持たない自由」と「持つことで得る自律」を使い分け、依存と身軽さのバランスを取る。,自前確保はコスト・手間増(対策:重要度で線引きし、基盤のみ二重化する),Jeremy Rifkin『The Age of Access』(2000),https://en.wikipedia.org/wiki/The_Age_of_Access,既存類型,既存の出典・研究・概念を参照して設計した家猫類型。出典は現象や概念を考えるための参考資料であり、この猫タイプ自体を医学・心理学的に確定するものではない。,既存設計のX=9、Y=6を継承。Xは公的支援・共同側〜私的自己完結側、Yはまち猫〜いえネコの相対軸として置いた設計値で、統計推定値ではない。,C:既存出典（個別精査推奨）,,
12,デジタル/思想,認知アウトソース(AI思考代行),まず聞いてみる猫,考える前にAIに聞く,飼い主=AI。考える力という人間の核を手放す,10,8,「考える楽しさ」と「自分の判断への信頼」を取り戻す,AIを下書き役に使い、最終判断は自分が握れる環境,AIは下書き・壁打ち役に留め、最終的な判断・検証・責任は自分で担う。生成物を鵜呑みにせず一次情報で確認する習慣を持ち、考える過程そのものを手放さない。重要な意思決定や創造的作業では、まず自分で考えてからAIに当てる順序を守り、思考の筋力を意図的に鍛え続ける。,過度な不信は生産性を損なう(対策:用途を仕分け、検証コストに見合う使い方をする),Nicholas Carr『The Shallows』(2010)/B.Stiegler 技術論,https://en.wikipedia.org/wiki/The_Shallows_(book),既存類型,既存の出典・研究・概念を参照して設計した家猫類型。出典は現象や概念を考えるための参考資料であり、この猫タイプ自体を医学・心理学的に確定するものではない。,既存設計のX=10、Y=8を継承。Xは公的支援・共同側〜私的自己完結側、Yはまち猫〜いえネコの相対軸として置いた設計値で、統計推定値ではない。,C:既存出典（個別精査推奨）,,
13,デジタル,メタバース/ゲーム没入,仮想世界おでかけ猫,仮想世界に生活の重心を移す,飼い主=仮想空間運営。現実での自立を手放す,10,8,現実でも得られる達成感・つながりの再発見,仮想と現実を行き来でき、両方に居場所がある環境,仮想世界への没入を否定せず、現実の役割・関係と両立する設計を持つ。ゲームで得る達成感や社交を現実の活動にも還流し、生活時間の配分を意識的に管理する。仮想を「逃避先」でなく「もう一つの居場所」と位置づけ、現実の課題に向き合う力を仮想で養った自己効力感で支える。,制限が反発・離脱を生む(対策:時間でなく目的で区切り、現実側の魅力を高める),Edward Castronova『Synthetic Worlds』(2005),https://en.wikipedia.org/wiki/Edward_Castronova,既存類型,既存の出典・研究・概念を参照して設計した家猫類型。出典は現象や概念を考えるための参考資料であり、この猫タイプ自体を医学・心理学的に確定するものではない。,既存設計のX=10、Y=8を継承。Xは公的支援・共同側〜私的自己完結側、Yはまち猫〜いえネコの相対軸として置いた設計値で、統計推定値ではない。,C:既存出典（個別精査推奨）,,
14,デジタル,EC・デリバリー完結生活,お取り寄せ上手猫,外出せず全てを配達で済ます,飼い主=物流PF。外界での生活技能を手放す,9,6,対面・地域の生活回路が持つ偶然の楽しさ,便利さを保ちつつ、徒歩圏に行きつけがある環境,配達・ECの利便を活かしつつ、対面・地域の生活回路も意図的に残す。買い物・通院・交流を全てオンライン化せず、歩いて行ける店や場との接点を保ち、災害時やサービス停止への耐性を確保する。利便と自律のバランスを取り、生活技能と地域の弱いつながりを維持する。,二重維持は時間負担(対策:週数回など頻度を決め習慣化する),経済産業省『電子商取引に関する市場調査』(各年),https://www.meti.go.jp/policy/it_policy/statistics/outlook/ie_outlook.html,既存類型,既存の出典・研究・概念を参照して設計した家猫類型。出典は現象や概念を考えるための参考資料であり、この猫タイプ自体を医学・心理学的に確定するものではない。,既存設計のX=9、Y=6を継承。Xは公的支援・共同側〜私的自己完結側、Yはまち猫〜いえネコの相対軸として置いた設計値で、統計推定値ではない。,C:既存出典（個別精査推奨）,,
15,政治・市民参加,無関心・棄権層,投票きっかけ待ち猫,投票も発言もしない,飼い主=政治家/行政。意思表示の権利を手放す,3,7,「自分の一票が暮らしに直結する」実感を持てる争点,政治が身近で、参加コストが低く可視化された環境,身近な生活課題(保育・道路・防災等)から関心の入口を作り、投票や意見表明という最小の関与を始める。政治を遠い舞台でなく暮らしの延長として可視化し、候補者比較ツールや地域の対話の場を活用する。「どうせ変わらない」を小さな参加の成功体験で更新する。,過度な動員は反発・分断(対策:中立的な情報提供と低圧の参加機会に留める),総務省『国政選挙における投票率の推移』,https://www.soumu.go.jp/senkyo/senkyo_s/news/sonota/ritu/,既存類型,既存の出典・研究・概念を参照して設計した家猫類型。出典は現象や概念を考えるための参考資料であり、この猫タイプ自体を医学・心理学的に確定するものではない。,既存設計のX=3、Y=7を継承。Xは公的支援・共同側〜私的自己完結側、Yはまち猫〜いえネコの相対軸として置いた設計値で、統計推定値ではない。,C:既存出典（個別精査推奨）,,
16,政治・市民参加,お上任せ・公助依存,相談先さがし猫,何でも行政が解決すべきと考える,飼い主=行政。自分たちで担う力を手放す,1,8,「自分たちで決められた」当事者としての達成感,自助・共助・公助が役割分担され、参加が歓迎される環境,アーンスタインの参加の梯子を上り、要求だけでなく決定過程に当事者として関わる。自助・共助・公助の役割分担を理解し、地域で担える部分は自分たちで担う。住民協議や合意形成の場に参加し、行政を「サービス提供者」から「協働の相手」へと関係を組み替える。,負担の押し付けと受け取られる恐れ(対策:強制でなく選択的参加と成功事例の共有),Sherry Arnstein『A Ladder of Citizen Participation』(1969),https://doi.org/10.1080/01944366908977225,既存類型,既存の出典・研究・概念を参照して設計した家猫類型。出典は現象や概念を考えるための参考資料であり、この猫タイプ自体を医学・心理学的に確定するものではない。,既存設計のX=1、Y=8を継承。Xは公的支援・共同側〜私的自己完結側、Yはまち猫〜いえネコの相対軸として置いた設計値で、統計推定値ではない。,C:既存出典（個別精査推奨）,,
17,政治・市民参加,お客様・クレーマー型市民(自動販売機モデル),声を届けたい猫,税の対価にサービスを要求・苦情するのみ,飼い主=自治体/行政。共同統治の主体性を手放す,2,7,「提案して実現した」当事者の達成感,要求が協働に転換でき、声が形になる環境,税の対価としてサービスを要求・苦情するだけの関わりから、解決の担い手へ役割を転換する。要求を提案や協働に変える回路(住民提案制度・参加型予算・協議の場)を用意し、「お客様」から「共同統治の主体」へ。クレームの背後にある困りごとを建設的な改善につなげる仕組みを整える。,過度な参加要求は負担・対立(対策:選択的参加と苦情対応ルールの整備),新川達郎・稲継裕昭ほか 自治体経営論/公共サービス・ロジック論/カスハラ研究,https://en.wikipedia.org/wiki/New_public_management,既存類型,既存の出典・研究・概念を参照して設計した家猫類型。出典は現象や概念を考えるための参考資料であり、この猫タイプ自体を医学・心理学的に確定するものではない。,既存設計のX=2、Y=7を継承。Xは公的支援・共同側〜私的自己完結側、Yはまち猫〜いえネコの相対軸として置いた設計値で、統計推定値ではない。,C:既存出典（個別精査推奨）,,
18,政治・市民参加,NIMBY,ご近所大事猫,総論賛成・各論反対,飼い主=社会全体。公共的負担の分担を手放す,3,6,負担と便益が見える、対等な対話の場,自分の声が設計に反映される、納得できる手続き環境,「総論賛成・各論反対」の背景にある不安や不公平感を対話で可視化し、便益と負担の再配分・補償を含めて合意形成する。決定の早い段階から住民を巻き込み情報を透明化することで、反対のための反対でなく建設的な調整に向かう。当事者として代替案づくりに参加する回路を用意する。,補償前提が乱用・コスト増を招く(対策:公平な基準と第三者の調整を入れる),Michael Dear『Understanding and Overcoming the NIMBY Syndrome』(1992),https://en.wikipedia.org/wiki/NIMBY,既存類型,既存の出典・研究・概念を参照して設計した家猫類型。出典は現象や概念を考えるための参考資料であり、この猫タイプ自体を医学・心理学的に確定するものではない。,既存設計のX=3、Y=6を継承。Xは公的支援・共同側〜私的自己完結側、Yはまち猫〜いえネコの相対軸として置いた設計値で、統計推定値ではない。,C:既存出典（個別精査推奨）,,
19,心理/政治,政治的無力感(学習性無力感),どうせ…から一歩猫,「どうせ変わらない」と諦観,飼い主=現状/権力。変えられるという感覚を手放す,3,8,小さくても「変えられた」成功体験,努力が結果に結びつく、応答性のある環境,「どうせ変わらない」という学習性無力感は、小さな成功体験の積み重ねで更新できる。身近で結果の見えやすい課題から関与し、声を上げれば反応が返る応答的な仕組み(住民提案・即時フィードバック等)を用意する。個人の無力感を構造の問題と切り分け、効力感を再学習させる。,成功体験が伴わないと諦めが強化(対策:小さく確実に成果が出る課題から始める),Martin Seligman 学習性無力感の研究(1967〜1975),https://en.wikipedia.org/wiki/Learned_helplessness,既存類型,既存の出典・研究・概念を参照して設計した家猫類型。出典は現象や概念を考えるための参考資料であり、この猫タイプ自体を医学・心理学的に確定するものではない。,既存設計のX=3、Y=8を継承。Xは公的支援・共同側〜私的自己完結側、Yはまち猫〜いえネコの相対軸として置いた設計値で、統計推定値ではない。,C:既存出典（個別精査推奨）,,
20,文化・心理,同調・空気読み,空気を読む猫,周囲に合わせ判断を保留,飼い主=空気/集団。自分の判断を手放す,5,7,異論が歓迎される安心感,多様な意見が尊重され、少数意見も守られる場,同調圧力に流されず判断を保つには、異論を述べても安全だと感じられる場の設計が要る。匿名意見箱や少人数の対話、ファシリテーションで多様な声を引き出す。小さく異論を言う練習を重ね、「みんな」の正体を相対化することで、集団規範への過剰適応から判断の主権を取り戻す。,異論奨励が対立・分断を生む恐れ(対策:対話のルールと相互尊重の土台を整える),S.Asch 同調実験(1951)/山本七平『空気の研究』(1977),https://en.wikipedia.org/wiki/Asch_conformity_experiments,既存類型,既存の出典・研究・概念を参照して設計した家猫類型。出典は現象や概念を考えるための参考資料であり、この猫タイプ自体を医学・心理学的に確定するものではない。,既存設計のX=5、Y=7を継承。Xは公的支援・共同側〜私的自己完結側、Yはまち猫〜いえネコの相対軸として置いた設計値で、統計推定値ではない。,C:既存出典（個別精査推奨）,,
21,思想/心理,権威主義的従順,きちんと従う猫,強い権威に進んで従う,飼い主=権威。自由と責任を手放す,2,8,自分で決める自由がもたらす充実感,多様性と異論が許容され、思考停止を強いない環境,自由の不安から権威に逃げ込む傾向に対し、自分で考え決める経験を安全に積める場を用意する。情報を多面的に示し、単純な善悪二分や強い指導者への依存を相対化する。批判的思考やメディアリテラシーを育み、「従う安心」より「自律する充実」を体験させ、思考停止を防ぐ。,価値観の押し付けと受け取られる恐れ(対策:中立的な情報提供と対話に徹する),E.Fromm『自由からの逃走』(1941)/Adorno『The Authoritarian Personality』(1950),https://en.wikipedia.org/wiki/Escape_from_Freedom,既存類型,既存の出典・研究・概念を参照して設計した家猫類型。出典は現象や概念を考えるための参考資料であり、この猫タイプ自体を医学・心理学的に確定するものではない。,既存設計のX=2、Y=8を継承。Xは公的支援・共同側〜私的自己完結側、Yはまち猫〜いえネコの相対軸として置いた設計値で、統計推定値ではない。,C:既存出典（個別精査推奨）,,
22,福祉・ケア,生活保護の長期依存,支えを使う猫,制度給付で生計を維持し続ける,飼い主=公的扶助。自立への移行機会を手放す,1,8,「働くと損」を解消する就労インセンティブ,自立への移行が段階的で、失敗しても戻れる環境,給付を否定せず、就労や中間的就労への移行を段階的に支援する。就労で給付が急減する「貧困の罠」を制度設計で緩和し、働くほど報われる仕組みにする。健康・スキル・人間関係の回復を伴走支援し、自立を強制でなく選択肢として提示することで、依存から段階的に脱する道を開く。,性急な打ち切りは困窮・健康悪化(対策:伴走支援と移行期の所得保障を併用),厚生労働省『被保護者調査』(各年),https://www.mhlw.go.jp/toukei/list/74-16.html,既存類型,既存の出典・研究・概念を参照して設計した家猫類型。出典は現象や概念を考えるための参考資料であり、この猫タイプ自体を医学・心理学的に確定するものではない。,既存設計のX=1、Y=8を継承。Xは公的支援・共同側〜私的自己完結側、Yはまち猫〜いえネコの相対軸として置いた設計値で、統計推定値ではない。,C:既存出典（個別精査推奨）,,
23,福祉・健康,過剰受診・医療化,からだ相談猫,不調を全て医療に委ねる,飼い主=医療。自分の身体を管理する力を手放す,4,7,自分で不調を捉え対処できるセルフケア力,信頼できる相談先があり、過剰診療を煽られない環境,不調をすべて医療に委ねるのでなく、生活習慣の改善やセルフケアで一次対応する力を育む。信頼できるかかりつけ医や健康相談窓口を持ち、過剰検査・過剰投薬の構造を理解する。医療を適切に使いつつ、自分の身体を観察し管理する主体性を取り戻し、医療化への過度な依存を防ぐ。,受診抑制が重症化を招く恐れ(対策:危険兆候の周知と相談しやすい窓口の確保),Ivan Illich『Medical Nemesis(脱病院化社会)』(1975),https://en.wikipedia.org/wiki/Medical_Nemesis,既存類型,既存の出典・研究・概念を参照して設計した家猫類型。出典は現象や概念を考えるための参考資料であり、この猫タイプ自体を医学・心理学的に確定するものではない。,既存設計のX=4、Y=7を継承。Xは公的支援・共同側〜私的自己完結側、Yはまち猫〜いえネコの相対軸として置いた設計値で、統計推定値ではない。,C:既存出典（個別精査推奨）,,
24,福祉・ケア,施設・社会的入院依存(高齢),見守られ安心猫,必要以上に施設・病院に依存,飼い主=ケア制度。地域での自立生活を手放す,3,8,「住み慣れた地域で暮らせる」在宅・地域ケア,自立度に応じた支援が選べ、役割を持てる環境,必要以上の施設・入院依存を避け、在宅・地域包括ケアで自立度を保つ。本人の残存能力を活かす役割や日課を用意し、過剰なケアによる廃用を防ぐ。介護予防・リハビリ・地域の通いの場を組み合わせ、「お世話される存在」から「地域で暮らす主体」へと支援の方向を転換する。,在宅移行は家族・地域に負担集中(対策:介護サービスと地域資源で支援を分散),OECD Health Statistics/厚労省 介護給付費等実態統計,https://en.wikipedia.org/wiki/Elderly_care,既存類型,既存の出典・研究・概念を参照して設計した家猫類型。出典は現象や概念を考えるための参考資料であり、この猫タイプ自体を医学・心理学的に確定するものではない。,既存設計のX=3、Y=8を継承。Xは公的支援・共同側〜私的自己完結側、Yはまち猫〜いえネコの相対軸として置いた設計値で、統計推定値ではない。,C:既存出典（個別精査推奨）,,
25,関係・家族,過保護の子(ヘリコプターペアレント下),箱入り安心猫,親が先回りし失敗をさせない,飼い主=過保護な親。試行錯誤の自由を手放す,7,8,自分で挑戦し失敗できる安全な機会,失敗が許容され、見守られながら自己決定できる環境,親の先回りを意図的に減らし、子に試行錯誤と失敗の機会を与える。小さな自己決定(持ち物・予定・進路の選択)を任せ、結果の責任を引き受ける経験を積ませる。過保護は安全の代わりに自立と回復力を奪うことを共有し、見守りつつ手を出さない関わりへと親の側も変える。,急な放任は不安・失敗の過大リスク(対策:年齢に応じ段階的に裁量を広げる),Lukianoff & Haidt『The Coddling of the American Mind』(2018),https://en.wikipedia.org/wiki/The_Coddling_of_the_American_Mind,既存類型,既存の出典・研究・概念を参照して設計した家猫類型。出典は現象や概念を考えるための参考資料であり、この猫タイプ自体を医学・心理学的に確定するものではない。,既存設計のX=7、Y=8を継承。Xは公的支援・共同側〜私的自己完結側、Yはまち猫〜いえネコの相対軸として置いた設計値で、統計推定値ではない。,C:既存出典（個別精査推奨）,,
26,文化・心理,コンフォートゾーン固着,ぬくぬく安心猫,慣れた環境から出ない,飼い主=快適な環境。挑戦と成長を手放す,6,6,少しの挑戦がもたらす成長の手応え,安全基地を保ちつつ、適度な負荷に挑める環境,快適圏に留まる傾向に対し、安全基地を残しながら適度な負荷の挑戦を少しずつ加える。大きな飛躍でなく達成可能な小さな目標で成功体験を積み、挑戦への耐性を育てる。変化を「喪失の危険」でなく「成長の機会」と捉え直し、快適圏を縮小でなく拡張する方向に動機づける。,過度な負荷は萎縮・燃え尽き(対策:難易度を段階調整し小さく試す),Yerkes-Dodson法則(1908)/J.Bardwick『Danger in the Comfort Zone』(1991),https://en.wikipedia.org/wiki/Yerkes%E2%80%93Dodson_law,既存類型,既存の出典・研究・概念を参照して設計した家猫類型。出典は現象や概念を考えるための参考資料であり、この猫タイプ自体を医学・心理学的に確定するものではない。,既存設計のX=6、Y=6を継承。Xは公的支援・共同側〜私的自己完結側、Yはまち猫〜いえネコの相対軸として置いた設計値で、統計推定値ではない。,C:既存出典（個別精査推奨）,,
27,文化・心理,安定至上(大企業・公務員志向),安定だいじ猫,失敗回避で安定を最優先,飼い主=安定した組織。自律的キャリアを手放す,5,6,「どこでも通用する力」がもたらす別種の安心,安定の中でも挑戦と学びが推奨される環境,安定そのものは悪でないが、組織への過度の依存はリスクにもなる。組織内外で通用する専門性・人脈・健康という「持ち運べる安心」を主体的に蓄える。安定を土台に小さな挑戦や副業・学び直しを重ね、環境変化に適応できる力を保つことで、庇護依存から自律的キャリアへ移る。,過度な不安煽りは離職・動揺(対策:安定を否定せず選択肢を増やす提案に留める),リスク回避選好・キャリア研究,https://en.wikipedia.org/wiki/Risk_aversion,既存類型,既存の出典・研究・概念を参照して設計した家猫類型。出典は現象や概念を考えるための参考資料であり、この猫タイプ自体を医学・心理学的に確定するものではない。,既存設計のX=5、Y=6を継承。Xは公的支援・共同側〜私的自己完結側、Yはまち猫〜いえネコの相対軸として置いた設計値で、統計推定値ではない。,C:既存出典（個別精査推奨）,,
28,文化・心理,決断疲れ・おすすめ任せ,おまかせ上手猫,選ぶのが面倒で人/AIに任せる,飼い主=推薦者。選ぶ力を手放す,7,6,「自分で選んでよかった」という納得感,重要な選択に集中でき、些事は委任できる環境,意思決定を全て他者やAIに委ねるのでなく、重要な選択は自分で行い、些事のみ委任する切り分けを持つ。決断疲れ(自我消耗)を防ぐため選択肢を絞り込み、判断のルールやルーティンでエネルギーを温存する。自分の価値観に照らして選ぶ訓練を重ね、選ぶ力を保つ。,委任の線引き失敗で主体性低下(対策:重要事項リストを決め委任範囲を明確化),R.Baumeister 自我消耗の研究(1998),https://en.wikipedia.org/wiki/Ego_depletion,既存類型,既存の出典・研究・概念を参照して設計した家猫類型。出典は現象や概念を考えるための参考資料であり、この猫タイプ自体を医学・心理学的に確定するものではない。,既存設計のX=7、Y=6を継承。Xは公的支援・共同側〜私的自己完結側、Yはまち猫〜いえネコの相対軸として置いた設計値で、統計推定値ではない。,C:既存出典（個別精査推奨）,,
29,文化・心理,自己責任論の内面化・諦観,がんばり背負い猫,構造問題も自分のせいと諦める,飼い主=現状。社会を変える発想を手放す,4,7,個人と構造を切り分ける視点,声を上げても責められない、連帯できる環境,構造的な問題まで「自分のせい」と抱え込む傾向に対し、個人の努力と社会の仕組みを切り分ける視点を持つ。同じ困りごとを抱える人とつながり、声を上げる回路(相談・当事者運動・政策提言)を知る。諦観を「適応」でなく「沈黙させられた状態」と捉え直し、変えられる部分に働きかける。,構造論が個人の努力軽視に振れる恐れ(対策:自助と社会的支援の両輪で捉える),M.Lerner 公正世界仮説(1980),https://en.wikipedia.org/wiki/Just-world_hypothesis,既存類型,既存の出典・研究・概念を参照して設計した家猫類型。出典は現象や概念を考えるための参考資料であり、この猫タイプ自体を医学・心理学的に確定するものではない。,既存設計のX=4、Y=7を継承。Xは公的支援・共同側〜私的自己完結側、Yはまち猫〜いえネコの相対軸として置いた設計値で、統計推定値ではない。,C:既存出典（個別精査推奨）,,
30,文化・心理,推し活没入(現実退避),推しと生きる猫,推しに時間と感情を集中,飼い主=推し/コンテンツ。現実の主導権を手放す,8,6,熱量を現実の創作・活動に還流する場,推し活と現実が両立し、仲間とつながれる環境,推し活の熱量自体は肯定しつつ、現実逃避に偏らないようバランスを取る。推しから得るエネルギーや学びを、自分の創作・仕事・地域活動にも還流させる。ファンコミュニティでの企画運営や発信を通じて、受け身の消費から主体的な活動へつなげ、現実の課題に向き合う力を養う。,否定は反発・依存強化(対策:推し活を否定せず現実側の魅力を増やす),Horton & Wohl パラソーシャル関係(1956),https://en.wikipedia.org/wiki/Parasocial_interaction,既存類型,既存の出典・研究・概念を参照して設計した家猫類型。出典は現象や概念を考えるための参考資料であり、この猫タイプ自体を医学・心理学的に確定するものではない。,既存設計のX=8、Y=6を継承。Xは公的支援・共同側〜私的自己完結側、Yはまち猫〜いえネコの相対軸として置いた設計値で、統計推定値ではない。,C:既存出典（個別精査推奨）,,
31,文化・心理,ミニマリスト(他者インフラ依存),手ぶら身軽猫,持たない暮らしを徹底,飼い主=社会インフラ。自前の備えを手放す,7,5,「最小限でも自律できる」備えの安心,身軽さを保ちつつ、要所は自前で握れる環境,持たない暮らしを徹底しつつ、社会インフラ停止時にも自律できる最低限の備え(食料・現金・スキル)は確保する。「持たない自由」が「他者依存」に転じていないか点検し、所有を減らす目的を消費批判や身軽さといった自分の価値観に照らして明確にする。身軽さと自立の両立を図る。,過度な備えはミニマリズムと矛盾(対策:重要度で線引きし最小限に絞る),佐々木典士『ぼくたちに、もうモノは必要ない。』(2015),https://ja.wikipedia.org/wiki/ミニマリスト,既存類型,既存の出典・研究・概念を参照して設計した家猫類型。出典は現象や概念を考えるための参考資料であり、この猫タイプ自体を医学・心理学的に確定するものではない。,既存設計のX=7、Y=5を継承。Xは公的支援・共同側〜私的自己完結側、Yはまち猫〜いえネコの相対軸として置いた設計値で、統計推定値ではない。,C:既存出典（個別精査推奨）,,
32,身体・健康,座りっぱなし・室内完結(身体不活動),おうちゆったり猫,一日中座って動かない・室内で完結,飼い主=座位中心の生活。身体の自律を手放す,6,6,日常に溶け込む「ついで運動」の手軽さ,自然に体を動かせる、歩きたくなる環境,長時間の座位・室内完結を避け、こまめな中断と日常的な身体活動で機能を維持する。階段利用・徒歩移動・立ち作業など「ついで運動」を生活に組み込み、運動を特別な努力でなく習慣にする。歩きやすい環境づくりや仲間との活動で継続性を高め、身体の自律と健康を守る。,急な負荷は怪我リスク(対策:強度を段階的に上げ無理なく継続),WHO『身体活動・座位行動ガイドライン』(2020)/WHO 身体不活動の警告(2022),https://www.who.int/publications/i/item/9789240015128,既存類型,既存の出典・研究・概念を参照して設計した家猫類型。出典は現象や概念を考えるための参考資料であり、この猫タイプ自体を医学・心理学的に確定するものではない。,既存設計のX=6、Y=6を継承。Xは公的支援・共同側〜私的自己完結側、Yはまち猫〜いえネコの相対軸として置いた設計値で、統計推定値ではない。,C:既存出典（個別精査推奨）,,
33,身体・健康,超加工食品依存,さっとごはん猫,調理せず加工食品で済ます,飼い主=食品産業。食の自律を手放す,8,6,手軽でおいしい「ちょい自炊」の成功体験,自炊しやすく、素材食が手に入りやすい環境,超加工食品の利便を活かしつつ、自炊・素材食を一定割合確保する。完璧な自炊でなく簡単な調理や下処理済み食材の活用から始め、食を産業に丸投げしない技能を保つ。栄養と食費の自己管理という主体性を取り戻し、健康リスク(肥満・生活習慣病)を抑えつつ無理なく食生活を整える。,自炊負担で挫折しやすい(対策:作り置き・簡便調理で続けられる形にする),Monteiro NOVA分類/超加工食品の健康影響研究(BMJ等),https://en.wikipedia.org/wiki/Ultra-processed_food,既存類型,既存の出典・研究・概念を参照して設計した家猫類型。出典は現象や概念を考えるための参考資料であり、この猫タイプ自体を医学・心理学的に確定するものではない。,既存設計のX=8、Y=6を継承。Xは公的支援・共同側〜私的自己完結側、Yはまち猫〜いえネコの相対軸として置いた設計値で、統計推定値ではない。,C:既存出典（個別精査推奨）,,
34,身体・健康,快適環境最適化マニア,快適チューニング猫,空調・睡眠・栄養を機器で最適化,飼い主=最適化機器。身体の適応力を手放す,9,6,機器に頼らず整える「素の調整力」,テクノロジーを使いつつ、自然な適応力も鍛える環境,空調・睡眠・栄養を機器で最適化する一方、機器なしでも自分を整える適応力を残す。データ計測を自己理解に活かしつつ数値に縛られすぎず、暑さ寒さや空腹など自然な身体感覚も保つ。テクノロジーを「補助」と位置づけ、過剰な最適化依存が身体の調整能力を退化させないよう注意する。,計測過多が不安・強迫を生む(対策:測る項目を絞り目的を明確にする),Quantified Self 運動/生体最適化研究,https://en.wikipedia.org/wiki/Quantified_self,既存類型,既存の出典・研究・概念を参照して設計した家猫類型。出典は現象や概念を考えるための参考資料であり、この猫タイプ自体を医学・心理学的に確定するものではない。,既存設計のX=9、Y=6を継承。Xは公的支援・共同側〜私的自己完結側、Yはまち猫〜いえネコの相対軸として置いた設計値で、統計推定値ではない。,C:既存出典（個別精査推奨）,,
35,関係・家族,孤立だが快適(つながり放棄),ひとり気まま猫,人付き合いを避け一人で完結,飼い主=快適な孤立。関係資本を手放す,6,7,負担の少ない「弱いつながり」の心地よさ,干渉されず、必要な時だけつながれる環境,快適な孤立と孤独は別物。干渉の少ない「弱いつながり」(趣味の集まり・オンラインの緩い関係・行きつけの場)を意図的に維持し、いざという時に頼れる関係資本を確保する。孤立を選ぶ自由を尊重しつつ、健康・防災・困窮のリスクを踏まえ、最低限の社会接点だけは残すよう促す。,つながり強制は逆効果・負担(対策:強制せず低負荷の接点を選択肢として用意),英 孤独担当大臣設置(2018)/日本 孤独・孤立対策担当(2021),https://en.wikipedia.org/wiki/Minister_for_Loneliness,既存類型,既存の出典・研究・概念を参照して設計した家猫類型。出典は現象や概念を考えるための参考資料であり、この猫タイプ自体を医学・心理学的に確定するものではない。,既存設計のX=6、Y=7を継承。Xは公的支援・共同側〜私的自己完結側、Yはまち猫〜いえネコの相対軸として置いた設計値で、統計推定値ではない。,C:既存出典（個別精査推奨）,,
36,関係・家族,完全専業依存(配偶者扶養),家庭を守る猫,配偶者に経済を全面依存,飼い主=配偶者。経済的自立の選択肢を手放す,8,7,「いつでも独り立ちできる」選択肢の安心,役割分担が対等で、いつでも再就労できる環境,配偶者への全面的な経済依存はリスクにもなる。家事・育児・介護の価値を正当に評価しつつ、いざという時に独立して生きられる選択肢(就労可能なスキル・資格・社会接点)を保持する。家計や資産の状況を把握し、夫婦の役割分担を対等な合意の上に置き、経済的自律の余地を残す。,自立要求が関係不和を招く恐れ(対策:強制でなく選択肢確保として位置づける),内閣府『無償労働(家事等)の貨幣評価』推計,https://en.wikipedia.org/wiki/Unpaid_work,既存類型,既存の出典・研究・概念を参照して設計した家猫類型。出典は現象や概念を考えるための参考資料であり、この猫タイプ自体を医学・心理学的に確定するものではない。,既存設計のX=8、Y=7を継承。Xは公的支援・共同側〜私的自己完結側、Yはまち猫〜いえネコの相対軸として置いた設計値で、統計推定値ではない。,C:既存出典（個別精査推奨）,,
37,思想・未来,監視に喜んで従う,便利さ歓迎猫,利便と引換えにデータを差し出す,飼い主=プラットフォーム資本。自己情報の主権を手放す,10,8,「自分のデータは自分のもの」という主権感覚,利便とプライバシーが両立し、選択できる環境,利便と引き換えにデータを無自覚に差し出すのでなく、提供範囲を意識的に選択・制限する。プライバシー設定やデータ削除権を活用し、監視資本主義の仕組み(行動データの収益化)を理解する。便利さを享受しつつも自己情報の主権を手放さない使い方を選び、必要に応じサービスを使い分ける。,過度な遮断は利便・機能低下(対策:重要データのみ保護し用途で線引き),Shoshana Zuboff『The Age of Surveillance Capitalism』(2019),https://en.wikipedia.org/wiki/The_Age_of_Surveillance_Capitalism,既存類型,既存の出典・研究・概念を参照して設計した家猫類型。出典は現象や概念を考えるための参考資料であり、この猫タイプ自体を医学・心理学的に確定するものではない。,既存設計のX=10、Y=8を継承。Xは公的支援・共同側〜私的自己完結側、Yはまち猫〜いえネコの相対軸として置いた設計値で、統計推定値ではない。,C:既存出典（個別精査推奨）,,
38,思想・未来,ナッジ誘導の最適化人間,するっと選ぶ猫,設計された選択肢に沿って動く,飼い主=選択設計者。選ぶ過程の自律を手放す,8,7,設計の意図を見抜く「ひと呼吸」の習慣,選択の自由が確保され、初期設定を変えられる環境,設計された選択肢に流されるのでなく、その背後の意図を読み、必要なら逆らって選ぶ。初期設定(デフォルト)が誰の利益かを問い、重要な選択では立ち止まって自分で判断する習慣を持つ。ナッジは良い行動を促す面もあるため全否定せず、操作されうると自覚した上で主体的に選ぶ。,全てを疑うと選択コスト増(対策:重要度に応じ吟味の深さを変える),Thaler & Sunstein『Nudge』(2008),https://en.wikipedia.org/wiki/Nudge_(book),既存類型,既存の出典・研究・概念を参照して設計した家猫類型。出典は現象や概念を考えるための参考資料であり、この猫タイプ自体を医学・心理学的に確定するものではない。,既存設計のX=8、Y=7を継承。Xは公的支援・共同側〜私的自己完結側、Yはまち猫〜いえネコの相対軸として置いた設計値で、統計推定値ではない。,C:既存出典（個別精査推奨）,,
39,思想・未来,幸福な家畜(快楽的従属),ぬるま湯ごきげん猫,娯楽と快適で満たされ批判力を失う,飼い主=娯楽産業/体制。批判的思考を手放す,7,9,快適の中でも問い続ける批判的な視点,娯楽を楽しみつつ、考える余白がある環境,娯楽と快適に満たされ批判力を失う「快楽的従属」に対し、楽しみつつも問い続ける批判的距離を保つ。情報を受け身で消費するだけでなく、出所や意図を吟味し、不快な現実からも目を背けない習慣を持つ。快適さを享受する自由と、それに飲み込まれない自律を両立させ、考える余白を確保する。,過度な懐疑は楽しみを損なう(対策:娯楽と思考の時間を区切り共存させる),A.Huxley『すばらしい新世界』(1932)/N.Postman『Amusing Ourselves to Death』(1985),https://en.wikipedia.org/wiki/Brave_New_World,既存類型,既存の出典・研究・概念を参照して設計した家猫類型。出典は現象や概念を考えるための参考資料であり、この猫タイプ自体を医学・心理学的に確定するものではない。,既存設計のX=7、Y=9を継承。Xは公的支援・共同側〜私的自己完結側、Yはまち猫〜いえネコの相対軸として置いた設計値で、統計推定値ではない。,C:既存出典（個別精査推奨）,,
40,思想・未来,自己家畜化を肯定する人,飼われ心地よし猫,飼い慣らされた快適を是とする,飼い主=文明/制度。野生的自律を手放す,6,9,「飼い慣らし」を自覚し選び直す余地,快適を享受しつつ、いつでも野生に戻れる環境,飼い慣らされた快適を是とする立場も一つの選択だが、無自覚な全面依存は脆弱性を生む。自己家畜化の進行を自覚した上で、最低限の自律(自分で考え・動き・選ぶ力)は残すよう促す。快適と引き換えに何を手放しているかを定期的に点検し、必要なときに野生=自律を取り戻せる余地を確保する。,自律強制は本人の選択の自由と矛盾(対策:選択肢の提示に留め強制しない),R.Wrangham『The Goodness Paradox』(2019)/小原秀雄 自己家畜化論,https://en.wikipedia.org/wiki/Self-domestication,既存類型,既存の出典・研究・概念を参照して設計した家猫類型。出典は現象や概念を考えるための参考資料であり、この猫タイプ自体を医学・心理学的に確定するものではない。,既存設計のX=6、Y=9を継承。Xは公的支援・共同側〜私的自己完結側、Yはまち猫〜いえネコの相対軸として置いた設計値で、統計推定値ではない。,C:既存出典（個別精査推奨）,,
41,思想・未来,ポスト労働・脱労働志向,働き方見直し猫,自動化前提で働かない権利を望む,飼い主=自動化システム。生産の担い手性を手放す,4,7,労働外の「社会的役割」という新たな張り合い,自動化の恩恵を享受しつつ、自治に関われる環境,自動化を前提に労働を手放す志向では、生産を機械・他者に丸投げしないバランスが要る。労働外でも社会的役割(ケア・創作・自治・教育)を主体的に担い、技術の便益を享受しつつ意思決定や運営に関わる。「働かない自由」を受動的消費でなく、自律的な活動と参加の機会として活かす。,全面委託は技能・主体性の喪失(対策:担い手としての役割を意識的に持つ),Srnicek & Williams『Inventing the Future』(2015),https://en.wikipedia.org/wiki/Post-work_society,既存類型,既存の出典・研究・概念を参照して設計した家猫類型。出典は現象や概念を考えるための参考資料であり、この猫タイプ自体を医学・心理学的に確定するものではない。,既存設計のX=4、Y=7を継承。Xは公的支援・共同側〜私的自己完結側、Yはまち猫〜いえネコの相対軸として置いた設計値で、統計推定値ではない。,C:既存出典（個別精査推奨）,,
42,思想・未来,身体放棄(トランスヒューマニズム),からだアップデート猫,身体を技術で補完・代替したい,飼い主=技術。身体という基盤を手放す,9,8,技術を道具に留める「身体の主権」感覚,技術で補完しつつ、生身の自律も保てる環境,身体を技術で補完・代替する志向において、技術を道具に留め生身の主体性を保つ。能力拡張の便益を享受しつつ、全面依存による脆弱性(故障・依存・格差)を見据える。技術と身体の関係を主体的に選択し、「身体を手放す」のでなく「身体を拡張する」立場で自律の基盤を維持する。,技術依存は故障・格差リスク(対策:技術の限界を踏まえ代替手段を確保),Nick Bostrom『Transhumanist FAQ』(2003),https://en.wikipedia.org/wiki/Transhumanism,既存類型,既存の出典・研究・概念を参照して設計した家猫類型。出典は現象や概念を考えるための参考資料であり、この猫タイプ自体を医学・心理学的に確定するものではない。,既存設計のX=9、Y=8を継承。Xは公的支援・共同側〜私的自己完結側、Yはまち猫〜いえネコの相対軸として置いた設計値で、統計推定値ではない。,C:既存出典（個別精査推奨）,,
43,思想・未来,ケアロボ前提の老後設計,ロボ見守り猫,介護を機械に任せる前提で生きる,飼い主=ケア技術。人とのケア関係を手放す,7,7,機械と人のケアを組み合わせる安心,テクノロジーと人の関係が両立する環境,介護を機械に任せる前提でも、人とのケア関係を完全に手放さない設計を持つ。ケアロボットや見守り技術で負担と人手不足を補いつつ、対話や交流など人間的なケアの回路を残す。技術を「人を置き換えるもの」でなく「人のケアを支えるもの」と位置づけ、孤立や尊厳の喪失を防ぐ。,機械任せが孤立・尊厳低下を招く(対策:人的ケアと併用し関係を維持),経済産業省 介護ロボット導入施策/関連白書,https://www.meti.go.jp/policy/mono_info_service/healthcare/,既存類型,既存の出典・研究・概念を参照して設計した家猫類型。出典は現象や概念を考えるための参考資料であり、この猫タイプ自体を医学・心理学的に確定するものではない。,既存設計のX=7、Y=7を継承。Xは公的支援・共同側〜私的自己完結側、Yはまち猫〜いえネコの相対軸として置いた設計値で、統計推定値ではない。,C:既存出典（個別精査推奨）,,
44,文化・心理,終活・縮小均衡(守りの撤退),暮らし整え猫,拡大せず守りに入り縮小,飼い主=安全志向。新たな挑戦を手放す,5,6,小さな新規挑戦がもたらす生きがい,安全を保ちつつ、緩やかに挑戦できる環境,守りに入り縮小する一方で、能動性を保つ小さな挑戦を続ける。終活や生活の整理は前向きな準備と捉えつつ、新しい学び・交流・趣味など「広げる活動」も併せ持つ。撤退一辺倒でなく、自分のペースで挑戦と整理のバランスを取り、生きがいと自律を最後まで保ち続ける。,過度な挑戦は負担・リスク(対策:無理のない範囲で小さく試す),内閣府『高齢社会白書』(各年),https://www8.cao.go.jp/kourei/whitepaper/index-w.html,既存類型,既存の出典・研究・概念を参照して設計した家猫類型。出典は現象や概念を考えるための参考資料であり、この猫タイプ自体を医学・心理学的に確定するものではない。,既存設計のX=5、Y=6を継承。Xは公的支援・共同側〜私的自己完結側、Yはまち猫〜いえネコの相対軸として置いた設計値で、統計推定値ではない。,C:既存出典（個別精査推奨）,,
45,デジタル,スマホ・アテンション中毒(ドゥームスクロール),通知にそわそわ猫,通知と刺激に絶えず反応し延々スクロール,飼い主=注意商人。注意の主権を手放す,10,7,まとまった集中時間がもたらす充実感,通知に邪魔されず、注意を自分で配れる環境,通知・刺激に絶えず反応し注意を企業に収奪される状態から、注意の主権を取り戻す。通知オフ・利用時間制限・画面の白黒化などで依存構造に介入し、際限ないスクロールを断つ。集中できる時間と場所を確保し、注意を「奪われる」から「自分で配る」へ。デジタルとの距離を意図的に設計する。,急な遮断はFOMO・反動利用(対策:段階的に減らし代替の楽しみを用意),Tim Wu『The Attention Merchants』(2016)/Adam Alter『Irresistible』(2017),https://en.wikipedia.org/wiki/The_Attention_Merchants,既存類型,既存の出典・研究・概念を参照して設計した家猫類型。出典は現象や概念を考えるための参考資料であり、この猫タイプ自体を医学・心理学的に確定するものではない。,既存設計のX=10、Y=7を継承。Xは公的支援・共同側〜私的自己完結側、Yはまち猫〜いえネコの相対軸として置いた設計値で、統計推定値ではない。,C:既存出典（個別精査推奨）,,
46,デジタル/関係,マッチング依存(出会いの外注),アプリで出会う猫,出会いをアプリの推薦に委ねる,飼い主=マッチングPF。出会いを築く力を手放す,9,6,アプリ外の偶然の出会いがもたらす豊かさ,オンラインと対面の出会いが両立する環境,出会いをアプリの推薦に全面外注せず、対面・趣味・地域などアプリ外の出会いの回路も主体的に持つ。マッチングの便益を活かしつつ、アルゴリズムが提示する「条件」に縛られすぎず、自分で関係を育てる力を保つ。効率化された出会いと偶然の出会いを使い分け、関係形成の主導権を手放さない。,アプリ脱却が出会い機会減(対策:オンラインも併用し接点を複線化),"Finkel et al. オンラインデートの実証研究(2012, PSPI)",https://doi.org/10.1177/1529100612436522,既存類型,既存の出典・研究・概念を参照して設計した家猫類型。出典は現象や概念を考えるための参考資料であり、この猫タイプ自体を医学・心理学的に確定するものではない。,既存設計のX=9、Y=6を継承。Xは公的支援・共同側〜私的自己完結側、Yはまち猫〜いえネコの相対軸として置いた設計値で、統計推定値ではない。,C:既存出典（個別精査推奨）,,
47,時間・仕事,長時間労働で参加時間が取れない,残業ぎゅうぎゅう猫,行きたいけれど、終業時間が読めない,時間不足が参加の主な壁。無関心ではなく可処分時間の不足。,6.8,7.4,30分だけ・途中参加OK,夜でも入れるオンライン席,終了時刻を明示し、途中入退室OK・非同期参加を標準にする。,短時間化だけで恒常的な長時間労働の問題を見えにくくしない。,内閣府「防災に関する世論調査（令和7年8月調査）」,https://survey.gov-online.go.jp/public_safety/202510/r07/r07-bousai/,時間制約,災害ボランティアに参加を希望しない理由として、経験・体力・安全衛生への不安、時間不足、費用、情報不足、周囲の理解不足などが回答されている。,外出・対面参加が難しくなりやすいためYを相対的に高低配置し、参加判断は本人側にもあるが職場条件の影響が大きいためXを調整した。X/Yはいずれも統計推定値ではなく、100匹の中での比較用設計座標。,A:公的統計・行政調査 + A:公的統計,総務省統計局「令和3年社会生活基本調査」,https://www.stat.go.jp/data/shakai/2021/kekka.html
48,時間・仕事,不規則シフトで予定が立てにくい,シフト読めない猫,来月の予定が、まだ分からない,固定日時のイベントと不規則勤務の相性が悪い。,7.6,6.8,直前参加OK,複数日程・オンデマンド枠,同内容を複数回実施し、当日参加・録画・後追い回答を用意する。,直前参加だけにすると運営負荷が増えるため定員設計が必要。,内閣府「防災に関する世論調査（令和7年8月調査）」,https://survey.gov-online.go.jp/public_safety/202510/r07/r07-bousai/,時間制約,災害ボランティアに参加を希望しない理由として、経験・体力・安全衛生への不安、時間不足、費用、情報不足、周囲の理解不足などが回答されている。,固定日程への参加難度が中〜高ためYを相対的に高低配置し、個人の勤務パターンへの適応余地が大きいためXを調整した。X/Yはいずれも統計推定値ではなく、100匹の中での比較用設計座標。,A:公的統計・行政調査 + A:公的統計,総務省統計局「令和3年社会生活基本調査」,https://www.stat.go.jp/data/shakai/2021/kekka.html
49,時間・仕事,通勤・仕事疲労で余力がない,通勤へとへと猫,家に着いたら、もう電池切れ,参加意欲があっても移動・勤務後の身体的余力が残らない。,7.2,7.0,家から1クリック参加,帰宅後でも負担の少ない短時間オンライン,移動不要・カメラOFF・聞くだけ参加を選べるようにする。,オンライン一択にせず対面を好む人の選択肢も残す。,総務省統計局「令和3年社会生活基本調査」,https://www.stat.go.jp/data/shakai/2021/kekka.html,生活時間・余力,生活時間、自由時間、ボランティア活動などを把握する基幹統計。参加可能な時間や生活制約を考える基礎資料になる。,外出追加の負担が参加を抑えやすいためYを相対的に高低配置し、本人の生活リズムに合わせる解決が中心ためXを調整した。X/Yはいずれも統計推定値ではなく、100匹の中での比較用設計座標。,A:公的統計 + A:公的統計・行政調査,内閣府「防災に関する世論調査（令和7年8月調査）」,https://survey.gov-online.go.jp/public_safety/202510/r07/r07-bousai/
50,時間・仕事,平日休みで地域行事と合わない,平日ひっそり猫,みんなが休みの日に、私は仕事,土日中心の地域活動では予定が噛み合わない。,6.4,6.2,平日回もあります,曜日を分散した開催,平日・休日・オンラインを組み合わせ、同じ活動への複数入口を用意する。,開催回数増で運営が疲弊しないよう共同運営にする。,総務省統計局「令和3年社会生活基本調査」,https://www.stat.go.jp/data/shakai/2021/kekka.html,時間制約,生活時間、自由時間、ボランティア活動などを把握する基幹統計。参加可能な時間や生活制約を考える基礎資料になる。,外出自体より開催曜日のミスマッチが中心ためYを相対的に高低配置し、個人の勤務日程に合わせる余地があるためXを調整した。X/Yはいずれも統計推定値ではなく、100匹の中での比較用設計座標。,A:公的統計,,
51,時間・仕事,急な呼び出し・待機があり確約できない,呼び出し待機猫,行けるかどうか、当日まで約束できない,オンコールや家庭事情などで確定参加を約束しづらい。,6.9,6.6,キャンセル無料,予約なし・途中退出OK席,欠席連絡不要、予約なし枠、代替の非同期タスクを用意する。,無断欠席扱いの文化を見直しつつ、必要な安全管理は残す。,内閣府「防災に関する世論調査（令和7年8月調査）」,https://survey.gov-online.go.jp/public_safety/202510/r07/r07-bousai/,予定不確実性,災害ボランティアに参加を希望しない理由として、経験・体力・安全衛生への不安、時間不足、費用、情報不足、周囲の理解不足などが回答されている。,対面参加はできるが確約が難しいためYを相対的に高低配置し、本人都合と外部要因が混在するためXを調整した。X/Yはいずれも統計推定値ではなく、100匹の中での比較用設計座標。,A:公的統計・行政調査,,
52,時間・仕事,短時間なら地域参加できる,30分なら行く猫,長時間は無理。でも少しなら,参加可能時間が短いだけで、関心そのものはある。,5.8,5.2,30分ミッション,役割を小さく分けたスポット席,受付30分、写真整理20分などタスクをマイクロ化する。,細切れ化で責任の所在が曖昧にならないよう役割接続を設計する。,内閣府「防災に関する世論調査（令和7年8月調査）」,https://survey.gov-online.go.jp/public_safety/202510/r07/r07-bousai/,参加設計,災害ボランティアに参加を希望しない理由として、経験・体力・安全衛生への不安、時間不足、費用、情報不足、周囲の理解不足などが回答されている。,短時間なら外に出られるためYは中程度ためYを相対的に高低配置し、共同活動への接続が比較的しやすいためXを調整した。X/Yはいずれも統計推定値ではなく、100匹の中での比較用設計座標。,A:公的統計・行政調査 + B:学術研究,都市計画報告集「地域活動への参加と担い手に関する研究」,https://www.jstage.jst.go.jp/article/cpijkansai/22/0/22_97/_article/-char/ja/
53,子育て・ケア,保育・乳幼児ケアで外出しづらい,おむつ優先猫,今は猫の手より、抱っこの手が必要,乳幼児ケアがまとまった外出時間を取りにくくする。,6.2,8.1,子連れ歓迎,授乳・おむつ替え・休憩スペース,子連れ可、途中退出可、オンライン参加、見守り体制をセットにする。,保護者に追加の役割を当然視しない。,内閣府男女共同参画局「令和2年版 男女共同参画白書」,https://www.gender.go.jp/about_danjo/whitepaper/r02/zentai/index.html,ケア責任,仕事、家事、育児、介護など生活時間と役割分担の実態を扱う白書。ケア責任や時間制約を参加設計に織り込む根拠に用いる。,外出制約が強いためYを相対的に高低配置し、家庭内ケアに合わせた個別調整が必要ためXを調整した。X/Yはいずれも統計推定値ではなく、100匹の中での比較用設計座標。,A:政府白書 + A:公的統計,総務省統計局「令和3年社会生活基本調査」,https://www.stat.go.jp/data/shakai/2021/kekka.html
54,子育て・ケア,送迎で夕方の予定が埋まる,お迎えダッシュ猫,夕方は毎日タイムアタック,保育園・学校・習い事の送迎時間と地域活動が重なりやすい。,6.6,7.3,昼・朝・後追い参加,時間帯を選べる複数入口,夕方固定を避け、昼休み・朝・録画・非同期回答を用意する。,家庭のスケジュールは多様なので一律の「子育て時間」を決めつけない。,内閣府男女共同参画局「令和2年版 男女共同参画白書」,https://www.gender.go.jp/about_danjo/whitepaper/r02/zentai/index.html,ケア責任,仕事、家事、育児、介護など生活時間と役割分担の実態を扱う白書。ケア責任や時間制約を参加設計に織り込む根拠に用いる。,時間帯ミスマッチが主で外出不能ではないためYを相対的に高低配置し、家族単位の予定に左右されるためXを調整した。X/Yはいずれも統計推定値ではなく、100匹の中での比較用設計座標。,A:政府白書 + A:公的統計,総務省統計局「令和3年社会生活基本調査」,https://www.stat.go.jp/data/shakai/2021/kekka.html
55,子育て・ケア,家族介護・見守りで離れにくい,見守り介護猫,離れられない時間がある,介護や見守りのため長時間家を空けにくい。,5.4,8.6,在宅から参加OK,カメラOFF・中断OKのオンライン席,オンライン・電話・短時間の役割を用意し、突然の中断を許容する。,介護負担を地域参加の工夫だけで解決しようとせず公的支援につなぐ。,内閣府男女共同参画局「令和2年版 男女共同参画白書」,https://www.gender.go.jp/about_danjo/whitepaper/r02/zentai/index.html,ケア責任,仕事、家事、育児、介護など生活時間と役割分担の実態を扱う白書。ケア責任や時間制約を参加設計に織り込む根拠に用いる。,在宅拘束が強いためYを相対的に高低配置し、制度・家族支援の影響が大きいためXを調整した。X/Yはいずれも統計推定値ではなく、100匹の中での比較用設計座標。,A:政府白書 + A:公的統計,総務省統計局「令和3年社会生活基本調査」,https://www.stat.go.jp/data/shakai/2021/kekka.html
56,子育て・ケア,家族ケアを担う若者,家族ケア背負い猫,若いから暇、とは限らない,家族の世話を日常的に担う若者は、同世代と同じ自由時間を持てない場合がある。,4.8,8.8,予定変更OK,学校・支援者とつながる安全な入口,本人のケア責任を前提に、匿名相談、短時間、非同期、支援機関への導線を用意する。,本人を「かわいそうな存在」と固定化せず、プライバシーを守る。,こども家庭庁「ヤングケアラーについて」,https://www.cfa.go.jp/policies/young-carer,ケア責任,家族の世話や介護を日常的に担うこども・若者の存在と支援の必要性を示す公的情報。家族ケアが参加制約になる類型の根拠に用いる。,外出と時間の自由が大きく制約されうるためYを相対的に高低配置し、家族・制度側の支援が必要ためXを調整した。X/Yはいずれも統計推定値ではなく、100匹の中での比較用設計座標。,A:公的機関 + A:公的統計,総務省統計局「令和3年社会生活基本調査」,https://www.stat.go.jp/data/shakai/2021/kekka.html
57,子育て・ケア,家族予定を最優先する,家族カレンダー猫,自分だけの予定では決められない,家庭内の予定調整を経ないと参加を確定しにくい。,6.0,7.0,家族と共有できる案内,一目で時間・場所・負担が分かる案内,所要時間、費用、子連れ可否、途中退出可否を事前に明示する。,家族構成を推測・収集しすぎない。,内閣府男女共同参画局「令和2年版 男女共同参画白書」,https://www.gender.go.jp/about_danjo/whitepaper/r02/zentai/index.html,情報・ケア,仕事、家事、育児、介護など生活時間と役割分担の実態を扱う白書。ケア責任や時間制約を参加設計に織り込む根拠に用いる。,参加可能だが事前調整が必要ためYを相対的に高低配置し、家庭内調整と本人判断の両方があるためXを調整した。X/Yはいずれも統計推定値ではなく、100匹の中での比較用設計座標。,A:政府白書,,
58,子育て・ケア,子連れなら参加できる,子連れなら行く猫,一緒に行けるなら、行ける,「子どもを預ける」前提を外すと参加できる層がいる。,6.8,5.8,親子参加ミッション,キッズスペースのある会場,子どもも役割を持てる企画、休憩スペース、短時間枠を用意する。,安全管理と年齢に応じた配慮を必ず行う。,内閣府男女共同参画局「令和2年版 男女共同参画白書」,https://www.gender.go.jp/about_danjo/whitepaper/r02/zentai/index.html,参加設計,仕事、家事、育児、介護など生活時間と役割分担の実態を扱う白書。ケア責任や時間制約を参加設計に織り込む根拠に用いる。,環境が整えば外出しやすいためYを相対的に高低配置し、家庭単位で参加形態を選びやすいためXを調整した。X/Yはいずれも統計推定値ではなく、100匹の中での比較用設計座標。,A:政府白書 + B:学術研究,都市計画報告集「地域活動への参加と担い手に関する研究」,https://www.jstage.jst.go.jp/article/cpijkansai/22/0/22_97/_article/-char/ja/
59,移動・アクセス,公共交通が少なく会場へ行きにくい,バス待ち長い猫,行きたい。でも足がない,交通空白や運行本数の少なさが、地域活動への物理的アクセスを制約する。,3.5,7.2,送迎・相乗り情報,徒歩圏・出張開催・オンライン,巡回型開催、送迎、相乗り、オンラインを組み合わせる。,送迎時の保険・安全・個人情報に配慮する。,国土交通省「交通空白の解消等に向けた取組」,https://www.mlit.go.jp/sogoseisaku/transport/sosei_transport_tk_000237.html,移動制約,地域の移動手段不足や交通空白の解消を扱う国の取組。移動のしづらさが参加機会を左右する類型の根拠に用いる。,移動手段不足で外出参加が難しいためYを相対的に高低配置し、交通インフラ側の解決が大きいためXを調整した。X/Yはいずれも統計推定値ではなく、100匹の中での比較用設計座標。,A:国の政策資料,,
60,移動・アクセス,段差や設備が不安,段差慎重猫,入口まで行けても、入れるか不安,段差、トイレ、通路などの物理的バリアが参加判断に影響する。,2.8,8.0,バリア情報を事前公開,段差の少ない会場・休憩席,入口から席までの写真、段差、トイレ、エレベーター情報を案内に載せる。,個人の障害・健康状態を勝手に推定しない。,国土交通省「バリアフリー・ユニバーサルデザイン」,https://www.mlit.go.jp/sogoseisaku/barrierfree/sosei_barrierfree_tk_000012.html,アクセシビリティ,高齢者、障害者等の移動・施設利用上の障壁を減らすバリアフリー施策。段差、経路、移動負担などの参加障壁を考える根拠に用いる。,物理的アクセス障壁が大きいためYを相対的に高低配置し、施設・公共環境側の改善が中心ためXを調整した。X/Yはいずれも統計推定値ではなく、100匹の中での比較用設計座標。,A:国の政策資料,,
61,移動・アクセス,坂道・長距離歩行が負担,坂道ゆっくり猫,近そうに見えて、坂がきつい,地図上の距離だけでは表せない高低差や歩行負担がある。,3.2,7.8,休憩ポイント案内,駅近・平坦ルート・送迎,平坦ルート、休憩場所、所要時間、代替交通を案内する。,体力を一律に扱わず本人の選択を尊重する。,国土交通省「バリアフリー・ユニバーサルデザイン」,https://www.mlit.go.jp/sogoseisaku/barrierfree/sosei_barrierfree_tk_000012.html,アクセシビリティ,高齢者、障害者等の移動・施設利用上の障壁を減らすバリアフリー施策。段差、経路、移動負担などの参加障壁を考える根拠に用いる。,移動負担が高いためYを相対的に高低配置し、道路・会場環境側の影響が大きいためXを調整した。X/Yはいずれも統計推定値ではなく、100匹の中での比較用設計座標。,A:国の政策資料,,
62,移動・アクセス,夜間の移動に不安がある,夜道こわい猫,帰り道まで考えると、今日はやめよう,暗い時間帯の移動や防犯への不安が参加をためらわせる。,4.8,7.4,明るいうちに終わる回,駅近・複数人で帰れる会場,昼開催、終了時刻厳守、駅までの同行やオンライン選択肢を用意する。,安全対策を理由に行動を過度に制限しない。,内閣府「防災に関する世論調査（令和7年8月調査）」,https://survey.gov-online.go.jp/public_safety/202510/r07/r07-bousai/,安全・移動,災害ボランティアに参加を希望しない理由として、経験・体力・安全衛生への不安、時間不足、費用、情報不足、周囲の理解不足などが回答されている。,夜間外出への心理的負担があるためYを相対的に高低配置し、会場・時間帯の設計で改善できるためXを調整した。X/Yはいずれも統計推定値ではなく、100匹の中での比較用設計座標。,A:公的統計・行政調査 + A:国の政策資料,国土交通省「バリアフリー・ユニバーサルデザイン」,https://www.mlit.go.jp/sogoseisaku/barrierfree/sosei_barrierfree_tk_000012.html
63,移動・アクセス,天候で移動負担が大きくなる,雨雪お休み猫,晴れなら行けたんだけどな,雨雪や暑さなど天候条件で移動負担が急に大きくなる。,5.5,6.6,当日オンライン切替,延期・ハイブリッド可能な場,荒天時のオンライン切替・延期基準を事前に明示する。,天候リスク時は参加促進より安全を優先する。,国土交通省「バリアフリー・ユニバーサルデザイン」,https://www.mlit.go.jp/sogoseisaku/barrierfree/sosei_barrierfree_tk_000012.html,移動制約,高齢者、障害者等の移動・施設利用上の障壁を減らすバリアフリー施策。段差、経路、移動負担などの参加障壁を考える根拠に用いる。,条件次第で外出が難しくなるためYを相対的に高低配置し、本人判断と環境条件が半々ためXを調整した。X/Yはいずれも統計推定値ではなく、100匹の中での比較用設計座標。,A:国の政策資料,,
64,移動・アクセス,近場なら参加できる,近場なら行く猫,徒歩10分なら、ちょっと行く,活動場所を生活圏に近づけることで参加できる層がいる。,6.2,5.6,徒歩圏ミッション,公園・集会所など分散拠点,大規模集中開催だけでなく、小さな出張開催を地域内に分散する。,開催分散で情報が断片化しないよう共通案内を用意する。,国土交通省「交通空白の解消等に向けた取組」,https://www.mlit.go.jp/sogoseisaku/transport/sosei_transport_tk_000237.html,参加設計,地域の移動手段不足や交通空白の解消を扱う国の取組。移動のしづらさが参加機会を左右する類型の根拠に用いる。,近距離なら外出しやすいためYを相対的に高低配置し、本人の生活圏に合わせる設計が中心ためXを調整した。X/Yはいずれも統計推定値ではなく、100匹の中での比較用設計座標。,A:国の政策資料 + B:学術研究,都市計画報告集「地域活動への参加と担い手に関する研究」,https://www.jstage.jst.go.jp/article/cpijkansai/22/0/22_97/_article/-char/ja/
65,情報・デジタル,活動情報そのものが届いていない,知らなかった猫,無関心じゃなくて、知らなかった,日時・場所・申込方法など具体情報が届かなければ参加判断自体ができない。,4.0,7.2,一枚で分かる案内,紙・SNS・掲示板の複線化,日時・場所・所要時間・費用・申込方法を一画面で示し、複数チャネルで届ける。,連絡量を増やしすぎて情報過多にしない。,内閣府「防災に関する世論調査（令和7年8月調査）」,https://survey.gov-online.go.jp/public_safety/202510/r07/r07-bousai/,情報不足,災害ボランティアに参加を希望しない理由として、経験・体力・安全衛生への不安、時間不足、費用、情報不足、周囲の理解不足などが回答されている。,情報不足により参加に至りにくいためYを相対的に高低配置し、発信側・地域側の改善余地が大きいためXを調整した。X/Yはいずれも統計推定値ではなく、100匹の中での比較用設計座標。,A:公的統計・行政調査 + A:政府ガイド,デジタル庁「ウェブアクセシビリティ導入ガイドブック」,https://www.digital.go.jp/resources/introduction-to-web-accessibility-guidebook
66,情報・デジタル,情報が多すぎて重要なお知らせを見落とす,通知埋もれ猫,届いてる。でも埋もれてる,SNS・メール・アプリ通知が多いと地域情報が注意の競争に負ける。,8.8,6.8,要点3行,重要度が分かる静かな通知,件名に日時と目的を入れ、リマインド回数を抑え、カレンダー追加を用意する。,通知最適化が新たな追跡・依存を生まないようにする。,デジタル庁「ウェブアクセシビリティ導入ガイドブック」,https://www.digital.go.jp/resources/introduction-to-web-accessibility-guidebook,情報設計,誰一人取り残されないデジタル化の観点から、読み上げ、代替テキスト、見出し構造、スマートフォン対応などアクセシビリティ上の配慮を示す。,情報は届くが行動につながりにくいためYを相対的に高低配置し、個人端末・デジタル環境への適応が中心ためXを調整した。X/Yはいずれも統計推定値ではなく、100匹の中での比較用設計座標。,A:政府ガイド + A:公的統計・行政調査,内閣府「防災に関する世論調査（令和7年8月調査）」,https://survey.gov-online.go.jp/public_safety/202510/r07/r07-bousai/
67,情報・デジタル,QRやアプリ操作が参加の壁になる,QRむずかしい猫,入口がQRだけだと、そこで止まる,デジタル手段だけに限定すると、使い慣れない人を排除しうる。,3.6,7.4,電話でもOK,紙・電話・対面受付も残す,QR、URL、電話、紙申込を併記し、代理入力も可能にする。,支援者が本人の同意なく個人情報を入力しない。,デジタル庁「ウェブアクセシビリティ導入ガイドブック」,https://www.digital.go.jp/resources/introduction-to-web-accessibility-guidebook,デジタルアクセシビリティ,誰一人取り残されないデジタル化の観点から、読み上げ、代替テキスト、見出し構造、スマートフォン対応などアクセシビリティ上の配慮を示す。,手続き障壁により参加が止まりやすいためYを相対的に高低配置し、サービス提供側の設計改善が中心ためXを調整した。X/Yはいずれも統計推定値ではなく、100匹の中での比較用設計座標。,A:政府ガイド,,
68,情報・デジタル,紙の案内の方が安心できる,紙なら安心猫,冷蔵庫に貼れると忘れない,デジタルだけでなく紙媒体が生活導線に合う人もいる。,3.2,6.3,持ち帰れる一枚,紙とデジタルを同じ内容で提供,紙・Webで同じ更新情報を持ち、QRは補助として使う。,紙だけに閉じると更新遅延が起きるため更新日を明示する。,デジタル庁「ウェブアクセシビリティ導入ガイドブック」,https://www.digital.go.jp/resources/introduction-to-web-accessibility-guidebook,情報設計,誰一人取り残されないデジタル化の観点から、読み上げ、代替テキスト、見出し構造、スマートフォン対応などアクセシビリティ上の配慮を示す。,外出より情報受取方法の相性が中心ためYを相対的に高低配置し、地域側のチャネル選択で改善できるためXを調整した。X/Yはいずれも統計推定値ではなく、100匹の中での比較用設計座標。,A:政府ガイド,,
69,情報・デジタル,文字や画面が読みづらい,大きな文字うれしい猫,読める案内なら、行ける,文字サイズ、色、構造、代替テキストなどのアクセシビリティが情報取得を左右する。,4.2,7.0,読みやすい案内,拡大・読み上げ対応ページ,見出し構造、十分なコントラスト、拡大対応、代替テキストを整える。,特定の利用者だけの機能にせず全体の使いやすさとして実装する。,デジタル庁「ウェブアクセシビリティ導入ガイドブック」,https://www.digital.go.jp/resources/introduction-to-web-accessibility-guidebook,デジタルアクセシビリティ,誰一人取り残されないデジタル化の観点から、読み上げ、代替テキスト、見出し構造、スマートフォン対応などアクセシビリティ上の配慮を示す。,情報取得の困難が参加を抑えるためYを相対的に高低配置し、提供側のアクセシビリティ改善が中心ためXを調整した。X/Yはいずれも統計推定値ではなく、100匹の中での比較用設計座標。,A:政府ガイド,,
70,情報・デジタル,オンラインなら参加しやすい,オンラインなら出る猫,家からなら、顔を出せる,移動や時間の壁をオンラインが下げる場合がある。,9.0,5.8,URLひとつで参加,カメラOFF・チャット参加OK,対面とオンラインを選べるハイブリッド設計にする。,オンライン参加者を二軍扱いせず意思決定に参加できるようにする。,デジタル庁「ウェブアクセシビリティ導入ガイドブック」,https://www.digital.go.jp/resources/introduction-to-web-accessibility-guidebook,参加設計,誰一人取り残されないデジタル化の観点から、読み上げ、代替テキスト、見出し構造、スマートフォン対応などアクセシビリティ上の配慮を示す。,外出不要なら参加しやすいためYを相対的に高低配置し、私的環境から参加する選択と相性が良いためXを調整した。X/Yはいずれも統計推定値ではなく、100匹の中での比較用設計座標。,A:政府ガイド + A:公的統計,総務省統計局「令和3年社会生活基本調査」,https://www.stat.go.jp/data/shakai/2021/kekka.html
71,初参加・関係性,知り合いがいない場へ入りづらい,知り合いゼロ猫,最初の一歩は、ひとりだと重い,地域とのつながりが薄い人ほど、既存ネットワーク中心の場に入りにくい。,5.0,7.3,初参加歓迎の一言,初参加者席・案内役,初参加者を迎える係、開始前オリエンテーション、ペア参加を用意する。,無理な友達づくりを求めず一人で居てもよい設計にする。,内閣府「人々のつながりに関する基礎調査（令和7年）」,https://www.cao.go.jp/kodoku_koritsu/torikumi/zenkokuchousa/r7.html,関係性・孤立,孤独・孤立や人とのつながりの実態を把握する全国調査。地域参加の入口設計では、関係性の薄さや孤立を前提にした配慮が必要になる。,関係性の入口がないと参加しづらいためYを相対的に高低配置し、地域側と本人側の双方に要因があるためXを調整した。X/Yはいずれも統計推定値ではなく、100匹の中での比較用設計座標。,A:公的統計・行政調査 + B:学術研究,都市計画報告集「地域活動への参加と担い手に関する研究」,https://www.jstage.jst.go.jp/article/cpijkansai/22/0/22_97/_article/-char/ja/
72,初参加・関係性,常連中心の雰囲気に入りづらい,常連の輪こわい猫,みんな知り合いに見える,内輪の文脈や暗黙ルールが新規参加者に心理的な壁を作る。,4.4,7.8,初めての人専用案内,用語を説明する進行,内輪ネタを減らし、目的・ルール・役割を冒頭に説明する。,既存メンバーの関係性自体を否定せず開き方を工夫する。,都市計画報告集「地域活動への参加と担い手に関する研究」,https://www.jstage.jst.go.jp/article/cpijkansai/22/0/22_97/_article/-char/ja/,組織・関係性,地域活動で会員減少や後継者不足が課題となる状況を扱い、若者参加、役割の明確化、中間支援など参加を支える条件を検討している。,心理的ハードルが高いためYを相対的に高低配置し、組織側の開き方が大きいためXを調整した。X/Yはいずれも統計推定値ではなく、100匹の中での比較用設計座標。,B:学術研究 + A:公的統計・行政調査,内閣府「人々のつながりに関する基礎調査（令和7年）」,https://www.cao.go.jp/kodoku_koritsu/torikumi/zenkokuchousa/r7.html
73,初参加・関係性,一人参加をためらう,ひとり参加ためらい猫,誰かと一緒なら行けそう,同行者の有無が参加判断を左右する。,5.6,7.1,友だち同伴OK,ペア・紹介制度,2人参加、紹介者制度、現地で合流する案内役を用意する。,同行できない人を不利にしない。,内閣府「人々のつながりに関する基礎調査（令和7年）」,https://www.cao.go.jp/kodoku_koritsu/torikumi/zenkokuchousa/r7.html,関係性,孤独・孤立や人とのつながりの実態を把握する全国調査。地域参加の入口設計では、関係性の薄さや孤立を前提にした配慮が必要になる。,一人での外出参加に抵抗があるためYを相対的に高低配置し、本人の心理と地域側の迎え方の両方があるためXを調整した。X/Yはいずれも統計推定値ではなく、100匹の中での比較用設計座標。,A:公的統計・行政調査 + B:学術研究,都市計画報告集「地域活動への参加と担い手に関する研究」,https://www.jstage.jst.go.jp/article/cpijkansai/22/0/22_97/_article/-char/ja/
74,初参加・関係性,雑談や交流中心だと疲れる,雑談ちょっと苦手猫,目的がある会話なら参加しやすい,交流そのものを主目的にすると参加しにくい人がいる。,6.0,7.7,作業から入れる,黙々タスク・チャット席,作業型、聞くだけ、チャットだけなど交流強度を選べるようにする。,対人特性をラベル化して固定しない。,内閣府「人々のつながりに関する基礎調査（令和7年）」,https://www.cao.go.jp/kodoku_koritsu/torikumi/zenkokuchousa/r7.html,参加スタイル,孤独・孤立や人とのつながりの実態を把握する全国調査。地域参加の入口設計では、関係性の薄さや孤立を前提にした配慮が必要になる。,対面交流強度が高いほど参加が難しいためYを相対的に高低配置し、個人の参加スタイル選択を重視ためXを調整した。X/Yはいずれも統計推定値ではなく、100匹の中での比較用設計座標。,A:公的統計・行政調査,,
75,初参加・関係性,何をするのか分からず不安,何するのかわからない猫,行ってから決める、がいちばん怖い,役割や作業内容が不明だと初心者は参加後の負担を予測できない。,4.6,6.8,役割メニュー,仕事内容が見える受付,所要時間、作業内容、必要スキル、終わり方を事前に一覧化する。,役割を細かく決めすぎて自主性を失わない。,都市計画報告集「地域活動への参加と担い手に関する研究」,https://www.jstage.jst.go.jp/article/cpijkansai/22/0/22_97/_article/-char/ja/,役割明確化,地域活動で会員減少や後継者不足が課題となる状況を扱い、若者参加、役割の明確化、中間支援など参加を支える条件を検討している。,不確実性が参加を止めるためYを相対的に高低配置し、組織側の説明改善が中心ためXを調整した。X/Yはいずれも統計推定値ではなく、100匹の中での比較用設計座標。,B:学術研究,,
76,初参加・関係性,まず一度試してから決めたい,一回お試し猫,入会は重い。体験なら行ける,継続加入を前提にしない試行参加が入口になる。,6.8,5.4,1回だけ歓迎,体験参加・見学枠,「入会不要・1回だけ・見学だけ」を明示し、終了後の勧誘を選択制にする。,体験参加を実質的な加入圧力にしない。,都市計画報告集「地域活動への参加と担い手に関する研究」,https://www.jstage.jst.go.jp/article/cpijkansai/22/0/22_97/_article/-char/ja/,参加設計,地域活動で会員減少や後継者不足が課題となる状況を扱い、若者参加、役割の明確化、中間支援など参加を支える条件を検討している。,試行なら外に出やすいためYを相対的に高低配置し、本人の選択余地を広く取るためXを調整した。X/Yはいずれも統計推定値ではなく、100匹の中での比較用設計座標。,B:学術研究 + A:公的統計・行政調査,内閣府「人々のつながりに関する基礎調査（令和7年）」,https://www.cao.go.jp/kodoku_koritsu/torikumi/zenkokuchousa/r7.html
77,費用・負担,参加費が気になる,参加費気になる猫,興味はある。でも今月はちょっと,参加費や飲食費など金銭負担が参加の壁になる。,6.5,6.7,無料枠・減免,費用が先に分かる案内,無料枠、学生・低所得向け減免、任意寄付を用意し総額を事前表示する。,収入証明の提出など過度なスティグマを生まない。,内閣府「防災に関する世論調査（令和7年8月調査）」,https://survey.gov-online.go.jp/public_safety/202510/r07/r07-bousai/,費用負担,災害ボランティアに参加を希望しない理由として、経験・体力・安全衛生への不安、時間不足、費用、情報不足、周囲の理解不足などが回答されている。,費用負担で参加が抑えられるためYを相対的に高低配置し、個人の家計判断と運営設計の両方があるためXを調整した。X/Yはいずれも統計推定値ではなく、100匹の中での比較用設計座標。,A:公的統計・行政調査,,
78,費用・負担,交通費が参加の壁になる,交通費しぶしぶ猫,参加費ゼロでも、往復が高い,交通費や宿泊費など付随費用も参加負担になる。,5.8,6.9,交通費補助,近場・オンライン・相乗り,交通費補助、地域内分散、オンライン、相乗り情報を組み合わせる。,補助制度を複雑にしすぎない。,内閣府「防災に関する世論調査（令和7年8月調査）」,https://survey.gov-online.go.jp/public_safety/202510/r07/r07-bousai/,費用・移動,災害ボランティアに参加を希望しない理由として、経験・体力・安全衛生への不安、時間不足、費用、情報不足、周囲の理解不足などが回答されている。,移動コストが外出参加を抑えるためYを相対的に高低配置し、地域側の補助と本人判断が半々ためXを調整した。X/Yはいずれも統計推定値ではなく、100匹の中での比較用設計座標。,A:公的統計・行政調査 + A:国の政策資料,国土交通省「交通空白の解消等に向けた取組」,https://www.mlit.go.jp/sogoseisaku/transport/sosei_transport_tk_000237.html
79,費用・負担,道具や持ち物を準備するのが負担,手ぶら希望猫,準備ゼロなら行ける,必要物品の購入・準備が参加前の小さな摩擦になる。,6.9,6.0,手ぶらOK,道具貸出しコーナー,貸出し、共同備品、持ち物なしの役割を用意する。,衛生・安全上必要な装備は省略しない。,内閣府「防災に関する世論調査（令和7年8月調査）」,https://survey.gov-online.go.jp/public_safety/202510/r07/r07-bousai/,費用・準備,災害ボランティアに参加を希望しない理由として、経験・体力・安全衛生への不安、時間不足、費用、情報不足、周囲の理解不足などが回答されている。,準備負担が中心で外出性は比較的高いためYを相対的に高低配置し、本人が選べる工夫が多いためXを調整した。X/Yはいずれも統計推定値ではなく、100匹の中での比較用設計座標。,A:公的統計・行政調査,,
80,費用・負担,無償で長時間の活動は難しい,長時間ボランティアむずかしい猫,善意はある。でも一日仕事は無理,長時間の無償活動は時間・費用・生活負担を積み上げる。,6.2,6.8,1時間だけ役割,有償・無償を分けた役割設計,短時間タスク、有償の専門業務、経費補助を区別して提示する。,無償参加を道徳的義務にしない。,内閣府「防災に関する世論調査（令和7年8月調査）」,https://survey.gov-online.go.jp/public_safety/202510/r07/r07-bousai/,時間・費用,災害ボランティアに参加を希望しない理由として、経験・体力・安全衛生への不安、時間不足、費用、情報不足、周囲の理解不足などが回答されている。,長時間拘束が参加を難しくするためYを相対的に高低配置し、運営設計の改善余地が大きいためXを調整した。X/Yはいずれも統計推定値ではなく、100匹の中での比較用設計座標。,A:公的統計・行政調査 + A:公的統計,総務省統計局「令和3年社会生活基本調査」,https://www.stat.go.jp/data/shakai/2021/kekka.html
81,費用・負担,予定変更でキャンセルするのが怖い,予定変更心配猫,行けなくなったら迷惑かな,参加確約への心理的負担が申し込み自体を抑えることがある。,6.6,6.4,キャンセル連絡不要枠,当日参加・待機枠,「欠席しても大丈夫」を明示し、運営上必要な席だけ予約制にする。,無制限キャンセルで運営不能にならない枠設計が必要。,内閣府「防災に関する世論調査（令和7年8月調査）」,https://survey.gov-online.go.jp/public_safety/202510/r07/r07-bousai/,予定不確実性,災害ボランティアに参加を希望しない理由として、経験・体力・安全衛生への不安、時間不足、費用、情報不足、周囲の理解不足などが回答されている。,外出性より確約負担が中心ためYを相対的に高低配置し、本人の選択と運営設計の両方があるためXを調整した。X/Yはいずれも統計推定値ではなく、100匹の中での比較用設計座標。,A:公的統計・行政調査,,
82,費用・負担,負担量が分かれば参加できる,負担見えると安心猫,終わる時間が見えると、行ける,参加に必要な時間・費用・役割が見えると判断しやすくなる。,5.4,5.8,負担を数字で表示,30分/60分/半日メニュー,時間・費用・必要スキル・責任範囲を事前に可視化する。,数字だけで個人差を過小評価しない。,都市計画報告集「地域活動への参加と担い手に関する研究」,https://www.jstage.jst.go.jp/article/cpijkansai/22/0/22_97/_article/-char/ja/,役割明確化,地域活動で会員減少や後継者不足が課題となる状況を扱い、若者参加、役割の明確化、中間支援など参加を支える条件を検討している。,条件が見えれば参加しやすいためYを相対的に高低配置し、組織側の透明性改善が中心ためXを調整した。X/Yはいずれも統計推定値ではなく、100匹の中での比較用設計座標。,B:学術研究 + A:公的統計・行政調査,内閣府「防災に関する世論調査（令和7年8月調査）」,https://survey.gov-online.go.jp/public_safety/202510/r07/r07-bousai/
83,言語・文化,難しい日本語の案内では理解しづらい,やさしい日本語猫,簡単な言葉なら、ちゃんと分かる,行政・地域特有の語彙や長文が情報理解の壁になる。,4.0,7.6,やさしい日本語,短文・ふりがな・図解,やさしい日本語、図解、音声、多言語版を同じページから選べるようにする。,内容を簡略化しすぎて重要情報を落とさない。,出入国在留管理庁「生活・就労ガイドブック」,https://www.moj.go.jp/isa/support/portal/guidebook_all.html,言語アクセシビリティ,外国人住民向けに多言語で生活情報を提供する公的ガイド。言語や制度理解の障壁を下げる情報提供の必要性を示す。,言語理解の壁で参加しづらいためYを相対的に高低配置し、情報提供側の改善が中心ためXを調整した。X/Yはいずれも統計推定値ではなく、100匹の中での比較用設計座標。,A:公的機関 + A:公的調査,文化庁「在留外国人に対する基礎調査」,https://www.bunka.go.jp/tokei_hakusho_shuppan/tokeichosa/nihongokyoiku_jittai/zaiju_gaikokujin.html
84,言語・文化,母語で情報を確認したい,多言語あるなら猫,内容が分かれば、参加したい,多言語情報の有無が地域制度やイベント理解を左右する。,4.3,7.8,多言語ページ,言語を選べる案内,主要情報を多言語化し、機械翻訳には原文と問い合わせ先を併記する。,翻訳だけで文化的背景の差が解消するとは考えない。,出入国在留管理庁「生活・就労ガイドブック」,https://www.moj.go.jp/isa/support/portal/guidebook_all.html,言語アクセシビリティ,外国人住民向けに多言語で生活情報を提供する公的ガイド。言語や制度理解の障壁を下げる情報提供の必要性を示す。,情報理解の不確実性が参加を抑えるためYを相対的に高低配置し、地域・制度側の情報提供改善が中心ためXを調整した。X/Yはいずれも統計推定値ではなく、100匹の中での比較用設計座標。,A:公的機関 + A:公的調査,文化庁「在留外国人に対する基礎調査」,https://www.bunka.go.jp/tokei_hakusho_shuppan/tokeichosa/nihongokyoiku_jittai/zaiju_gaikokujin.html
85,言語・文化,地域の暗黙ルールが分からない,地域ルール未知猫,「普通はこう」がいちばん難しい,ごみ出し、会費、役割、会議慣行など暗黙ルールは新住民に見えにくい。,4.8,7.2,はじめてガイド,用語集・ルール見える化,参加前に目的、費用、役割、意思決定方法を簡潔に説明する。,文化差を本人の能力不足として扱わない。,出入国在留管理庁「生活・就労ガイドブック」,https://www.moj.go.jp/isa/support/portal/guidebook_all.html,制度・文化理解,外国人住民向けに多言語で生活情報を提供する公的ガイド。言語や制度理解の障壁を下げる情報提供の必要性を示す。,未知のルールが心理的障壁になるためYを相対的に高低配置し、地域組織側の透明性が重要ためXを調整した。X/Yはいずれも統計推定値ではなく、100匹の中での比較用設計座標。,A:公的機関 + B:学術研究,都市計画報告集「地域活動への参加と担い手に関する研究」,https://www.jstage.jst.go.jp/article/cpijkansai/22/0/22_97/_article/-char/ja/
86,言語・文化,文化的な違いから慎重になる,文化ちがい慎重猫,失礼にならないか、少し心配,慣習やコミュニケーション様式の違いが初参加の不安につながる。,5.2,7.5,歓迎ルールを明示,質問してよい案内役,「分からなくてOK」「質問歓迎」を明示し、説明役を置く。,文化を国籍で決めつけない。,文化庁「在留外国人に対する基礎調査」,https://www.bunka.go.jp/tokei_hakusho_shuppan/tokeichosa/nihongokyoiku_jittai/zaiju_gaikokujin.html,文化・関係性,在留外国人の日本語学習や生活上の状況を把握する調査。やさしい日本語、多言語、学習・交流支援を考える根拠に用いる。,初参加の心理的負担が高いためYを相対的に高低配置し、本人と地域側双方の相互理解が必要ためXを調整した。X/Yはいずれも統計推定値ではなく、100匹の中での比較用設計座標。,A:公的調査 + A:公的統計・行政調査,内閣府「人々のつながりに関する基礎調査（令和7年）」,https://www.cao.go.jp/kodoku_koritsu/torikumi/zenkokuchousa/r7.html
87,言語・文化,読み書きにサポートが必要,読み書きサポート猫,口で聞ければ、分かることもある,文字情報だけに依存すると理解・申込の障壁になる人がいる。,4.1,8.2,電話・音声案内,読み上げ・対面サポート,音声、動画、電話、代理入力など複数モードを用意する。,本人の意思確認なしに代理処理を進めない。,デジタル庁「ウェブアクセシビリティ導入ガイドブック」,https://www.digital.go.jp/resources/introduction-to-web-accessibility-guidebook,情報アクセシビリティ,誰一人取り残されないデジタル化の観点から、読み上げ、代替テキスト、見出し構造、スマートフォン対応などアクセシビリティ上の配慮を示す。,文字中心の手続きが大きな障壁ためYを相対的に高低配置し、サービス側のアクセシビリティ改善が中心ためXを調整した。X/Yはいずれも統計推定値ではなく、100匹の中での比較用設計座標。,A:政府ガイド + A:公的調査,文化庁「在留外国人に対する基礎調査」,https://www.bunka.go.jp/tokei_hakusho_shuppan/tokeichosa/nihongokyoiku_jittai/zaiju_gaikokujin.html
88,言語・文化,通訳や橋渡しがあれば参加しやすい,通訳いるなら猫,ひとりで全部理解しなくていいなら行ける,言語と制度の間をつなぐ支援者が参加入口になる場合がある。,4.5,7.9,通訳・相談員,多文化コーディネーター,地域の多文化支援者、通訳、相談窓口への導線をイベント案内に組み込む。,通訳者に過度な個人情報を共有しない。,出入国在留管理庁「生活・就労ガイドブック」,https://www.moj.go.jp/isa/support/portal/guidebook_all.html,言語・支援,外国人住民向けに多言語で生活情報を提供する公的ガイド。言語や制度理解の障壁を下げる情報提供の必要性を示す。,支援なしでは参加が難しいためYを相対的に高低配置し、中間支援・地域側の役割が大きいためXを調整した。X/Yはいずれも統計推定値ではなく、100匹の中での比較用設計座標。,A:公的機関 + A:公的調査,文化庁「在留外国人に対する基礎調査」,https://www.bunka.go.jp/tokei_hakusho_shuppan/tokeichosa/nihongokyoiku_jittai/zaiju_gaikokujin.html
89,信頼・安全,個人情報の登録に抵抗がある,個人情報心配猫,参加したい。でも登録項目が多い,必要以上の個人情報収集は参加前の不安や離脱につながりうる。,7.8,7.6,匿名・ニックネームOK,最小限データの申込,目的に必要な最小項目だけ収集し、保存期間・利用目的を明示する。,匿名性が必要な安全連絡を妨げないよう場面別に設計する。,デジタル庁「ウェブアクセシビリティ導入ガイドブック」,https://www.digital.go.jp/resources/introduction-to-web-accessibility-guidebook,プライバシー,誰一人取り残されないデジタル化の観点から、読み上げ、代替テキスト、見出し構造、スマートフォン対応などアクセシビリティ上の配慮を示す。,登録不安が参加を止めやすいためYを相対的に高低配置し、私的情報を守る本人選択と相性が強いためXを調整した。X/Yはいずれも統計推定値ではなく、100匹の中での比較用設計座標。,A:政府ガイド,,
90,信頼・安全,勧誘や加入圧力を警戒する,勧誘警戒猫,一回来たら抜けられない？が怖い,体験参加が継続加入や営業につながる不安が入口を狭める。,6.6,7.8,勧誘なし宣言,体験と会員登録を分離,「参加後の勧誘なし」「連絡停止は1クリック」を明示する。,必要な継続案内まで届かなくならないよう本人が選べる。,都市計画報告集「地域活動への参加と担い手に関する研究」,https://www.jstage.jst.go.jp/article/cpijkansai/22/0/22_97/_article/-char/ja/,信頼・参加設計,地域活動で会員減少や後継者不足が課題となる状況を扱い、若者参加、役割の明確化、中間支援など参加を支える条件を検討している。,信頼が形成されるまで参加ハードルが高いためYを相対的に高低配置し、本人の自己決定を強く守る設計ためXを調整した。X/Yはいずれも統計推定値ではなく、100匹の中での比較用設計座標。,B:学術研究 + A:公的統計・行政調査,内閣府「人々のつながりに関する基礎調査（令和7年）」,https://www.cao.go.jp/kodoku_koritsu/torikumi/zenkokuchousa/r7.html
91,信頼・安全,経験・体力・安全衛生面が不安,安全第一猫,役に立ちたい。でも無理はしたくない,公的調査ではボランティア不参加理由として経験・体力・安全衛生への不安が大きい。,4.7,8.4,初心者・軽作業枠,安全説明・装備・休憩,活動強度を段階表示し、研修、保険、休憩、軽作業を用意する。,参加促進を優先して危険作業を任せない。,内閣府「防災に関する世論調査（令和7年8月調査）」,https://survey.gov-online.go.jp/public_safety/202510/r07/r07-bousai/,安全・経験,災害ボランティアに参加を希望しない理由として、経験・体力・安全衛生への不安、時間不足、費用、情報不足、周囲の理解不足などが回答されている。,安全不安が外出・参加を強く抑えるためYを相対的に高低配置し、運営側の安全設計が重要ためXを調整した。X/Yはいずれも統計推定値ではなく、100匹の中での比較用設計座標。,A:公的統計・行政調査,,
92,信頼・安全,経験不足で役に立てるか不安,初心者不安猫,何も知らない私でもいい？,初心者は作業内容や期待水準が分からず参加をためらいやすい。,5.2,8.0,初心者マーク,練習・見学・簡単役割,事前説明、見学、初心者向けタスク、相談役を用意する。,初心者を単純作業に固定せず成長機会も示す。,内閣府「防災に関する世論調査（令和7年8月調査）」,https://survey.gov-online.go.jp/public_safety/202510/r07/r07-bousai/,経験・自己効力感,災害ボランティアに参加を希望しない理由として、経験・体力・安全衛生への不安、時間不足、費用、情報不足、周囲の理解不足などが回答されている。,経験不安が参加を抑えるためYを相対的に高低配置し、地域側の受入れ設計が大きいためXを調整した。X/Yはいずれも統計推定値ではなく、100匹の中での比較用設計座標。,A:公的統計・行政調査 + B:学術研究,都市計画報告集「地域活動への参加と担い手に関する研究」,https://www.jstage.jst.go.jp/article/cpijkansai/22/0/22_97/_article/-char/ja/
93,信頼・安全,失敗して迷惑をかけるのが怖い,失敗こわい猫,間違えたらどうしよう、で止まる,責任範囲やフォロー体制が不明だと参加の心理コストが上がる。,5.8,8.2,失敗OK宣言,レビュー・ペア作業,小さな役割、ペア作業、確認者、やり直し可能なタスクを設計する。,「失敗OK」で安全確認を省略しない。,都市計画報告集「地域活動への参加と担い手に関する研究」,https://www.jstage.jst.go.jp/article/cpijkansai/22/0/22_97/_article/-char/ja/,心理的安全性,地域活動で会員減少や後継者不足が課題となる状況を扱い、若者参加、役割の明確化、中間支援など参加を支える条件を検討している。,心理的ハードルが高いためYを相対的に高低配置し、本人の不安と組織側の支援設計が両方あるためXを調整した。X/Yはいずれも統計推定値ではなく、100匹の中での比較用設計座標。,B:学術研究 + A:公的統計・行政調査,内閣府「防災に関する世論調査（令和7年8月調査）」,https://survey.gov-online.go.jp/public_safety/202510/r07/r07-bousai/
94,信頼・安全,顔見知りの橋渡しがあると参加しやすい,顔見知り橋渡し猫,あの人がいるなら行ってみる,信頼できる中間者や紹介者が未知の場への入口になる。,4.8,6.2,紹介メッセージ,地域コーディネーター,既存参加者からの紹介、案内役、中間支援組織を参加導線にする。,紹介者の人間関係だけに依存しない公開入口も残す。,都市計画報告集「地域活動への参加と担い手に関する研究」,https://www.jstage.jst.go.jp/article/cpijkansai/22/0/22_97/_article/-char/ja/,中間支援,地域活動で会員減少や後継者不足が課題となる状況を扱い、若者参加、役割の明確化、中間支援など参加を支える条件を検討している。,信頼があれば外に出やすいためYを相対的に高低配置し、地域側の橋渡し機能が中心ためXを調整した。X/Yはいずれも統計推定値ではなく、100匹の中での比較用設計座標。,B:学術研究 + A:公的統計・行政調査,内閣府「人々のつながりに関する基礎調査（令和7年）」,https://www.cao.go.jp/kodoku_koritsu/torikumi/zenkokuchousa/r7.html
95,組織・役割設計,会議が長く終わりが見えない,会議長すぎ猫,議題より終了時刻が気になる,長時間会議は時間制約のある人を継続的に排除しうる。,5.7,6.6,45分で終了,議題・終了時刻を事前公開,タイムボックス、事前資料、非同期コメント、決定事項だけの共有を導入する。,短時間化で対話や少数意見を切り捨てない。,都市計画論文集 59巻3号「地域組織の持続的な活動と役割・選出方法に関する研究」,https://www.jstage.jst.go.jp/article/journalcpij/59/3/59_10011/_article/-char/ja,組織設計,地域組織の構造や役割、選出方法が継続的な参加に影響しうることを扱う研究。役割負担や組織設計に関する類型の根拠に用いる。,外出より拘束時間が参加を左右するためYを相対的に高低配置し、組織側の運営改善が中心ためXを調整した。X/Yはいずれも統計推定値ではなく、100匹の中での比較用設計座標。,B:学術研究 + A:公的統計,総務省統計局「令和3年社会生活基本調査」,https://www.stat.go.jp/data/shakai/2021/kekka.html
96,組織・役割設計,役員になることが怖くて近づけない,役員こわい猫,一度入ったら役員？が怖い,役割の固定化や重い責任が、新規参加そのものを遠ざける場合がある。,4.0,8.0,役員なし体験,任期・責任を限定した役割,参加と役員就任を切り離し、短期・共同・選択制の役割を用意する。,責任を細分化しすぎて意思決定主体が消えないようにする。,都市計画論文集 59巻3号「地域組織の持続的な活動と役割・選出方法に関する研究」,https://www.jstage.jst.go.jp/article/journalcpij/59/3/59_10011/_article/-char/ja,組織設計,地域組織の構造や役割、選出方法が継続的な参加に影響しうることを扱う研究。役割負担や組織設計に関する類型の根拠に用いる。,将来負担への不安が参加を強く抑えるためYを相対的に高低配置し、組織構造側の影響が大きいためXを調整した。X/Yはいずれも統計推定値ではなく、100匹の中での比較用設計座標。,B:学術研究 + B:学術研究,都市計画報告集「地域活動への参加と担い手に関する研究」,https://www.jstage.jst.go.jp/article/cpijkansai/22/0/22_97/_article/-char/ja/
97,組織・役割設計,仕事量が見えず引き受けられない,仕事量みえない猫,何時間かかるの？が先に知りたい,役割の作業量が不透明だと、忙しい人ほど引き受けにくい。,4.3,7.5,工数表示,役割カード・引継ぎメモ,各役割に月何時間・繁忙期・必要スキル・任期を表示する。,工数が人によって違うことも明記する。,都市計画論文集 59巻3号「地域組織の持続的な活動と役割・選出方法に関する研究」,https://www.jstage.jst.go.jp/article/journalcpij/59/3/59_10011/_article/-char/ja,役割明確化,地域組織の構造や役割、選出方法が継続的な参加に影響しうることを扱う研究。役割負担や組織設計に関する類型の根拠に用いる。,負担不確実性が参加を抑えるためYを相対的に高低配置し、組織側の透明性が中心ためXを調整した。X/Yはいずれも統計推定値ではなく、100匹の中での比較用設計座標。,B:学術研究 + B:学術研究,都市計画報告集「地域活動への参加と担い手に関する研究」,https://www.jstage.jst.go.jp/article/cpijkansai/22/0/22_97/_article/-char/ja/
98,組織・役割設計,活動の成果が見えず意味を感じにくい,成果みえない猫,やった先が見えると動ける,活動と地域変化のつながりが見えないと参加意欲を維持しにくい。,5.0,6.8,ビフォーアフター,成果ダッシュボード,参加人数だけでなく、改善したこと・住民の声・次の課題を可視化する。,数値化しやすい成果だけを重視しない。,都市計画報告集「地域活動への参加と担い手に関する研究」,https://www.jstage.jst.go.jp/article/cpijkansai/22/0/22_97/_article/-char/ja/,成果可視化,地域活動で会員減少や後継者不足が課題となる状況を扱い、若者参加、役割の明確化、中間支援など参加を支える条件を検討している。,参加可能だが意味づけ不足で動きにくいためYを相対的に高低配置し、組織側の説明・フィードバックが中心ためXを調整した。X/Yはいずれも統計推定値ではなく、100匹の中での比較用設計座標。,B:学術研究 + B:学術研究,都市計画論文集 59巻3号「地域組織の持続的な活動と役割・選出方法に関する研究」,https://www.jstage.jst.go.jp/article/journalcpij/59/3/59_10011/_article/-char/ja
99,組織・役割設計,アイデア提供だけなら参加できる,アイデアだけ参加猫,会議は無理。でも一言なら出せる,実作業や会議に参加できなくても知恵・意見だけ提供できる人がいる。,7.2,5.0,1分アンケート,非同期アイデア箱,オンライン投票、音声投稿、1分アンケートで意思形成に参加できるようにする。,意見を集めるだけで反映しない「参加したふり」にしない。,都市計画報告集「地域活動への参加と担い手に関する研究」,https://www.jstage.jst.go.jp/article/cpijkansai/22/0/22_97/_article/-char/ja/,非同期参加,地域活動で会員減少や後継者不足が課題となる状況を扱い、若者参加、役割の明確化、中間支援など参加を支える条件を検討している。,外出を伴わない軽量参加ためYを相対的に高低配置し、本人の私的環境から参加しやすいためXを調整した。X/Yはいずれも統計推定値ではなく、100匹の中での比較用設計座標。,B:学術研究 + A:政府ガイド,デジタル庁「ウェブアクセシビリティ導入ガイドブック」,https://www.digital.go.jp/resources/introduction-to-web-accessibility-guidebook
100,組織・役割設計,単発のスポット参加を好む,単発スポット猫,毎週は無理。でも今日なら,継続所属ではなく、必要な時に小さく参加する形が合う人がいる。,8.0,4.8,今日だけミッション,スポット募集ボード,タスクを単発化し、完了条件と所要時間を明示して募集する。,固定メンバーに見えない調整負担が集中しないよう運営側も分担する。,都市計画報告集「地域活動への参加と担い手に関する研究」,https://www.jstage.jst.go.jp/article/cpijkansai/22/0/22_97/_article/-char/ja/,スポット参加,地域活動で会員減少や後継者不足が課題となる状況を扱い、若者参加、役割の明確化、中間支援など参加を支える条件を検討している。,外出・行動性が比較的高いためYを相対的に高低配置し、個人の選択性が高い参加形態ためXを調整した。X/Yはいずれも統計推定値ではなく、100匹の中での比較用設計座標。,B:学術研究 + A:公的統計,総務省統計局「令和3年社会生活基本調査」,https://www.stat.go.jp/data/shakai/2021/kekka.html
